812	-75 82 -74 83
840	-70 82 -69 83
852	-73 82 -72 83
884	-155 56 -154 57
888	-69 82 -68 83
888	125 37 126 38
892	-165 54 -164 55
904	147 -32 148 -31
908	-76 82 -75 83
916	-86 47 -85 48
924	35 -11 36 -10
924	43 15 44 16
924	64 67 65 68
928	-71 -24 -70 -23
940	-75 8 -74 9
940	-95 18 -94 19
944	-108 27 -107 28
948	-8 32 -7 33
952	-119 59 -118 60
956	-111 29 -110 30
956	-113 51 -112 52
960	-116 54 -115 55
960	-48 -1 -47 0
964	-68 -46 -67 -45
968	-78 3 -77 4
972	34 68 35 69
972	44 13 45 14
976	99 16 100 17
980	-57 -27 -56 -26
980	117 35 118 36
980	121 39 122 40
980	54 31 55 32
988	139 40 140 41
992	-68 -16 -67 -15
992	-77 1 -76 2
992	102 53 103 54
996	-121 43 -120 44
996	100 7 101 8
1000	100 15 101 16
1000	25 31 26 32
1000	35 62 36 63
1004	-23 64 -22 65
1004	57 61 58 62
1012	-47 -25 -46 -24
1012	82 50 83 51
1016	-120 51 -119 52
1016	36 64 37 65
1016	5 34 6 35
1020	-9 32 -8 33
1024	-42 -23 -41 -22
1024	101 16 102 17
1028	124 39 125 40
1028	44 32 45 33
1032	40 36 41 37
1036	-114 49 -113 50
1036	-69 -55 -68 -54
1040	117 34 118 35
1040	147 -44 148 -43
1044	-88 20 -87 21
1044	-9 33 -8 34
1044	103 13 104 14
1044	106 26 107 27
1044	57 65 58 66
1048	-7 62 -6 63
1052	-104 58 -103 59
1052	15 55 16 56
1052	30 69 31 70
1052	43 37 44 38
1056	-74 -39 -73 -38
1056	-76 8 -75 9
1056	100 20 101 21
1056	36 46 37 47
1064	35 35 36 36
1064	36 59 37 60
1064	87 43 88 44
1068	110 25 111 26
1068	29 -27 30 -26
1068	82 29 83 30
1072	-109 59 -108 60
1072	-113 52 -112 53
1072	-160 21 -159 22
1072	-68 -55 -67 -54
1072	44 15 45 16
1076	-76 1 -75 2
1076	104 15 105 16
1080	-2 11 -1 12
1088	-105 23 -104 24
1092	-73 -44 -72 -43
1092	-89 21 -88 22
1092	98 16 99 17
1096	-107 23 -106 24
1096	76 16 77 17
1100	-113 54 -112 55
1100	-38 -6 -37 -5
1100	141 37 142 38
1100	148 -33 149 -32
1100	37 63 38 64
1104	58 57 59 58
1108	-112 61 -111 62
1108	-50 -22 -49 -21
1108	25 -18 26 -17
1108	25 40 26 41
1108	63 53 64 54
1108	68 27 69 28
1112	128 51 129 52
1112	73 31 74 32
1112	96 19 97 20
1116	-14 13 -13 14
1116	-59 -34 -58 -33
1116	18 64 19 65
1120	-69 9 -68 10
1120	-72 -40 -71 -39
1120	105 17 106 18
1120	41 36 42 37
1124	-150 -18 -149 -17
1124	-162 66 -161 67
1124	-57 -16 -56 -15
1124	101 0 102 1
1124	128 40 129 41
1124	136 33 137 34
1124	29 -11 30 -10
1124	62 58 63 59
1128	-104 37 -103 38
1128	-108 24 -107 25
1128	29 -14 30 -13
1128	4 7 5 8
1132	-21 63 -20 64
1132	109 34 110 35
1132	142 -39 143 -38
1132	31 69 32 70
1132	57 63 58 64
1132	64 39 65 40
1136	-110 27 -109 28
1136	-78 69 -77 70
1136	-89 15 -88 16
1136	42 59 43 60
1140	-11 29 -10 30
1140	-159 21 -158 22
1140	-61 -35 -60 -34
1140	-75 -49 -74 -48
1140	-95 53 -94 54
1140	129 41 130 42
1140	30 -28 31 -27
1140	68 55 69 56
1144	-108 46 -107 47
1144	-130 55 -129 56
1144	117 24 118 25
1144	126 45 127 46
1144	36 31 37 32
1144	56 67 57 68
1144	74 29 75 30
1144	98 17 99 18
1148	-10 32 -9 33
1148	-106 52 -105 53
1148	-65 10 -64 11
1148	39 61 40 62
1152	-114 33 -113 34
1152	-82 19 -81 20
1152	153 -30 154 -29
1152	35 29 36 30
1156	-113 49 -112 50
1156	-90 21 -89 22
1156	28 -13 29 -12
1156	98 7 99 8
1160	-110 47 -109 48
1160	150 -24 151 -23
1164	-132 59 -131 60
1164	-59 -36 -58 -35
1164	146 -20 147 -19
1164	30 -24 31 -23
1168	-107 69 -106 70
1168	-128 55 -127 56
1168	-53 -29 -52 -28
1168	31 39 32 40
1168	83 25 84 26
1172	101 14 102 15
1172	26 64 27 65
1172	74 30 75 31
1172	76 8 77 9
1176	-65 -15 -64 -14
1176	119 31 120 32
1176	26 -30 27 -29
1176	56 24 57 25
1180	-59 -33 -58 -32
1180	-71 9 -70 10
1180	-89 16 -88 17
1180	111 30 112 31
1184	-104 38 -103 39
1184	-73 4 -72 5
1184	76 17 77 18
1184	81 17 82 18
1188	-103 35 -102 36
1188	-62 57 -61 58
1188	14 54 15 55
1188	34 29 35 30
1188	75 16 76 17
1192	-103 30 -102 31
1192	48 32 49 33
1196	-101 21 -100 22
1196	-101 39 -100 40
1196	-109 31 -108 32
1196	-53 -30 -52 -29
1196	-87 15 -86 16
1196	-94 17 -93 18
1196	114 51 115 52
1196	133 43 134 44
1196	19 60 20 61
1196	40 65 41 66
1196	83 29 84 30
1200	-1 16 0 17
1200	-103 40 -102 41
1200	-125 44 -124 45
1200	-75 9 -74 10
1200	36 63 37 64
1200	39 22 40 23
1204	-66 -67 -65 -66
1204	-71 -5 -70 -4
1204	101 17 102 18
1204	37 46 38 47
1204	73 29 74 30
1208	-45 -24 -44 -23
1208	35 64 36 65
1208	99 9 100 10
1212	-101 36 -100 37
1212	-102 37 -101 38
1212	-71 -19 -70 -18
1212	-80 -7 -79 -6
1212	115 32 116 33
1212	19 65 20 66
1216	-111 52 -110 53
1216	-118 43 -117 44
1216	-82 22 -81 23
1216	32 57 33 58
1216	46 60 47 61
1216	50 35 51 36
1216	76 20 77 21
1216	81 21 82 22
1220	-105 36 -104 37
1220	-15 12 -14 13
1220	-39 -8 -38 -7
1220	-70 -16 -69 -15
1220	-74 -40 -73 -39
1220	-8 7 -7 8
1220	103 53 104 54
1220	114 23 115 24
1220	43 62 44 63
1220	57 51 58 52
1220	75 20 76 21
1220	79 13 80 14
1220	8 34 9 35
1224	-38 -8 -37 -7
1224	-60 -28 -59 -27
1224	12 64 13 65
1224	120 18 121 19
1228	-10 42 -9 43
1228	-77 -10 -76 -9
1228	138 -34 139 -33
1228	29 -1 30 0
1228	41 62 42 63
1228	49 33 50 34
1232	-156 20 -155 21
1232	-41 -15 -40 -14
1232	-74 -15 -73 -14
1232	-84 10 -83 11
1232	119 30 120 31
1232	143 -37 144 -36
1232	20 -1 21 0
1232	20 -35 21 -34
1232	73 23 74 24
1236	-10 31 -9 32
1236	-103 36 -102 37
1236	-4 16 -3 17
1236	116 6 117 7
1240	4 35 5 36
1240	70 22 71 23
1240	77 27 78 28
1244	-104 35 -103 36
1244	-72 -31 -71 -30
1244	68 59 69 60
1248	-100 42 -99 43
1248	124 40 125 41
1248	161 57 162 58
1248	2 7 3 8
1248	6 35 7 36
1248	75 19 76 20
1248	83 26 84 27
1252	101 36 102 37
1252	113 34 114 35
1252	122 37 123 38
1252	74 34 75 35
1252	97 16 98 17
1256	-110 48 -109 49
1256	-112 48 -111 49
1256	-121 45 -120 46
1256	-36 -9 -35 -8
1256	-39 -5 -38 -4
1256	-72 -39 -71 -38
1256	115 29 116 30
1256	2 35 3 36
1256	46 35 47 36
1260	-52 -25 -51 -24
1260	-60 13 -59 14
1260	-71 12 -70 13
1260	-75 -50 -74 -49
1260	143 49 144 50
1260	31 41 32 42
1260	85 20 86 21
1264	-107 49 -106 50
1264	-117 61 -116 62
1264	-148 64 -147 65
1264	-81 -5 -80 -4
1264	42 57 43 58
1268	-105 52 -104 53
1268	-134 62 -133 63
1268	-53 -26 -52 -25
1268	-64 8 -63 9
1268	11 6 12 7
1268	31 56 32 57
1268	64 62 65 63
1268	91 25 92 26
1272	-103 20 -102 21
1272	-111 64 -110 65
1272	1 39 2 40
1272	101 12 102 13
1272	173 -41 174 -40
1272	26 35 27 36
1272	64 56 65 57
1272	79 10 80 11
1276	-106 50 -105 51
1276	106 52 107 53
1276	112 28 113 29
1276	119 28 120 29
1276	140 -38 141 -37
1276	152 -30 153 -29
1276	36 39 37 40
1276	39 36 40 37
1276	48 41 49 42
1280	-37 -11 -36 -10
1280	-77 17 -76 18
1280	-87 44 -86 45
1280	104 16 105 17
1280	139 -36 140 -35
1280	28 -17 29 -16
1280	64 61 65 62
1284	-36 -7 -35 -6
1284	172 -35 173 -34
1284	62 61 63 62
1288	110 21 111 22
1288	15 39 16 40
1288	73 15 74 16
1288	77 42 78 43
1288	95 56 96 57
1292	-96 60 -95 61
1292	12 38 13 39
1292	34 65 35 66
1292	35 39 36 40
1296	-62 49 -61 50
1296	-63 58 -62 59
1296	-74 -41 -73 -40
1296	-83 9 -82 10
1296	114 -8 115 -7
1296	56 66 57 67
1300	-104 29 -103 30
1300	-139 65 -138 66
1300	-69 -18 -68 -17
1300	-69 -39 -68 -38
1300	22 -34 23 -33
1300	31 -1 32 0
1300	41 48 42 49
1304	-10 12 -9 13
1304	-108 45 -107 46
1304	-75 11 -74 12
1304	17 63 18 64
1304	48 29 49 30
1304	86 23 87 24
1304	99 7 100 8
1308	-45 -3 -44 -2
1308	152 -33 153 -32
1308	65 63 66 64
1308	73 16 74 17
1308	85 25 86 26
1312	-130 53 -129 54
1312	-140 60 -139 61
1312	-44 -24 -43 -23
1312	-84 45 -83 46
1312	37 -4 38 -3
1312	7 35 8 36
1312	70 42 71 43
1312	95 17 96 18
1316	-119 49 -118 50
1316	-119 50 -118 51
1316	-70 12 -69 13
1316	84 26 85 27
1316	86 48 87 49
1320	-133 59 -132 60
1320	-5 32 -4 33
1320	45 44 46 45
1320	77 29 78 30
1320	77 54 78 55
1324	75 31 76 32
1324	96 20 97 21
1328	-58 -33 -57 -32
1328	-66 -24 -65 -23
1328	-67 -20 -66 -19
1328	102 15 103 16
1328	30 29 31 30
1332	-104 31 -103 32
1332	-67 -21 -66 -20
1332	25 66 26 67
1332	42 53 43 54
1332	96 18 97 19
1336	100 19 101 20
1340	-99 43 -98 44
1340	15 6 16 7
1344	-107 33 -106 34
1344	102 2 103 3
1344	117 -1 118 0
1344	21 36 22 37
1344	5 62 6 63
1344	65 58 66 59
1344	76 31 77 32
1348	-97 55 -96 56
1352	-1 11 0 12
1352	-11 10 -10 11
1352	-117 62 -116 63
1352	-54 5 -53 6
1352	-65 -33 -64 -32
1352	75 25 76 26
1352	84 24 85 25
1356	-51 -28 -50 -27
1356	-81 -3 -80 -2
1356	19 -35 20 -34
1356	30 70 31 71
1356	38 61 39 62
1356	57 55 58 56
1356	80 9 81 10
1356	9 9 10 10
1360	-102 20 -101 21
1360	167 -16 168 -15
1360	19 -34 20 -33
1364	-104 30 -103 31
1364	30 -25 31 -24
1364	47 -25 48 -24
1364	62 54 63 55
1364	91 29 92 30
1368	-104 25 -103 26
1368	-112 53 -111 54
1368	28 -33 29 -32
1372	143 50 144 51
1372	27 64 28 65
1372	39 37 40 38
1372	41 53 42 54
1372	87 22 88 23
1376	-13 13 -12 14
1376	-56 53 -55 54
1376	31 63 32 64
1376	48 -14 49 -13
1376	5 35 6 36
1380	-6 15 -5 16
1380	-81 -1 -80 0
1380	13 61 14 62
1380	47 38 48 39
1380	6 16 7 17
1384	-109 40 -108 41
1384	133 36 134 37
1384	164 -21 165 -20
1384	46 43 47 44
1384	69 38 70 39
1388	-98 25 -97 26
1388	100 25 101 26
1388	177 -40 178 -39
1388	43 33 44 34
1388	45 57 46 58
1392	-104 36 -103 37
1392	-108 40 -107 41
1392	-69 -12 -68 -11
1392	-73 -15 -72 -14
1392	-98 43 -97 44
1392	118 25 119 26
1392	34 46 35 47
1392	74 23 75 24
1392	74 36 75 37
1396	-103 33 -102 34
1396	-46 -21 -45 -20
1396	-73 -40 -72 -39
1396	-99 27 -98 28
1396	28 -16 29 -15
1400	-12 10 -11 11
1400	116 28 117 29
1400	41 58 42 59
1400	55 55 56 56
1400	72 34 73 35
1400	76 14 77 15
1400	77 9 78 10
1400	94 56 95 57
1404	-104 54 -103 55
1404	-11 11 -10 12
1404	-123 36 -122 37
1404	-41 -19 -40 -18
1404	14 32 15 33
1404	142 -35 143 -34
1404	167 -45 168 -44
1408	-2 35 -1 36
1408	-71 8 -70 9
1408	114 4 115 5
1408	44 46 45 47
1408	57 53 58 54
1412	-121 51 -120 52
1412	-75 3 -74 4
1412	-87 11 -86 12
1412	120 36 121 37
1412	76 42 77 43
1412	90 22 91 23
1416	-103 43 -102 44
1416	-76 2 -75 3
1416	121 -5 122 -4
1416	127 50 128 51
1416	13 11 14 12
1416	148 -35 149 -34
1416	36 47 37 48
1416	45 39 46 40
1416	47 51 48 52
1416	69 52 70 53
1416	85 23 86 24
1420	-103 38 -102 39
1420	-139 63 -138 64
1420	33 36 34 37
1420	42 39 43 40
1420	78 55 79 56
1424	-153 58 -152 59
1424	133 -24 134 -23
1424	29 -9 30 -8
1424	31 -25 32 -24
1424	81 16 82 17
1428	-106 21 -105 22
1428	-46 60 -45 61
1428	-69 10 -68 11
1428	-72 10 -71 11
1428	171 -42 172 -41
1428	31 2 32 3
1432	-111 42 -110 43
1432	-137 63 -136 64
1432	100 16 101 17
1432	35 59 36 60
1432	46 50 47 51
1432	48 -20 49 -19
1432	54 59 55 60
1436	-102 21 -101 22
1436	-103 19 -102 20
1436	-104 18 -103 19
1436	-128 60 -127 61
1436	13 10 14 11
1436	137 54 138 55
1436	36 -4 37 -3
1436	42 36 43 37
1436	69 27 70 28
1440	-108 41 -107 42
1440	-136 67 -135 68
1440	-71 -33 -70 -32
1440	-72 -38 -71 -37
1440	102 24 103 25
1440	19 59 20 60
1440	42 63 43 64
1440	50 40 51 41
1440	7 12 8 13
1444	-106 69 -105 70
1444	-135 61 -134 62
1444	24 67 25 68
1444	88 69 89 70
1448	-113 32 -112 33
1448	-46 -20 -45 -19
1448	110 19 111 20
1448	27 66 28 67
1448	70 40 71 41
1452	-11 28 -10 29
1452	-49 -21 -48 -20
1452	-78 1 -77 2
1452	-89 20 -88 21
1452	-94 16 -93 17
1456	-76 3 -75 4
1456	-78 0 -77 1
1456	23 69 24 70
1456	32 62 33 63
1456	74 17 75 18
1460	-105 54 -104 55
1460	-106 19 -105 20
1460	-108 42 -107 43
1460	-117 38 -116 39
1460	-60 47 -59 48
1460	-69 18 -68 19
1460	7 10 8 11
1464	-113 62 -112 63
1464	-13 7 -12 8
1464	-64 -19 -63 -18
1464	140 59 141 60
1464	30 65 31 66
1468	-127 61 -126 62
1468	-72 -37 -71 -36
1468	-73 -49 -72 -48
1468	103 30 104 31
1468	148 -38 149 -37
1468	151 -35 152 -34
1472	-119 53 -118 54
1472	-14 29 -13 30
1472	-51 -23 -50 -22
1472	-55 -30 -54 -29
1472	-93 56 -92 57
1472	13 63 14 64
1472	137 -36 138 -35
1472	178 -18 179 -17
1472	35 36 36 37
1476	-11 53 -10 54
1476	-123 52 -122 53
1476	-52 -27 -51 -26
1476	32 -26 33 -25
1476	47 61 48 62
1476	96 22 97 23
1480	-112 47 -111 48
1480	-115 54 -114 55
1480	128 27 129 28
1480	42 40 43 41
1480	78 12 79 13
1484	-104 34 -103 35
1484	140 49 141 50
1484	152 -26 153 -25
1484	173 -35 174 -34
1484	47 29 48 30
1484	68 37 69 38
1484	8 57 9 58
1484	87 23 88 24
1488	-1 9 0 10
1488	-107 54 -106 55
1488	20 68 21 69
1488	31 26 32 27
1488	34 39 35 40
1488	35 58 36 59
1488	68 52 69 53
1492	103 14 104 15
1492	107 11 108 12
1492	48 31 49 32
1492	78 15 79 16
1492	82 53 83 54
1496	-129 59 -128 60
1496	-53 -32 -52 -31
1496	-54 -26 -53 -25
1496	-71 -18 -70 -17
1496	29 69 30 70
1496	30 -26 31 -25
1496	7 6 8 7
1496	90 25 91 26
1500	-2 6 -1 7
1500	36 57 37 58
1500	45 2 46 3
1504	-105 20 -104 21
1504	-21 64 -20 65
1504	-65 -21 -64 -20
1504	-65 18 -64 19
1504	132 42 133 43
1504	142 59 143 60
1504	35 0 36 1
1504	36 38 37 39
1504	36 41 37 42
1508	-54 49 -53 50
1508	15 5 16 6
1508	28 -22 29 -21
1508	40 63 41 64
1508	86 51 87 52
1512	-16 14 -15 15
1512	-97 18 -96 19
1516	-103 34 -102 35
1516	10 11 11 12
1516	151 -28 152 -27
1516	32 47 33 48
1516	57 -21 58 -20
1516	91 55 92 56
1520	-128 51 -127 52
1520	-4 35 -3 36
1520	-65 49 -64 50
1520	16 62 17 63
1520	3 7 4 8
1524	-109 44 -108 45
1524	-51 -24 -50 -23
1524	-69 63 -68 64
1524	130 42 131 43
1524	149 -33 150 -32
1524	44 37 45 38
1524	50 55 51 56
1524	50 62 51 63
1528	-119 47 -118 48
1528	135 -35 136 -34
1528	32 64 33 65
1528	5 16 6 17
1532	-54 -15 -53 -14
1532	72 33 73 34
1536	-105 24 -104 25
1536	-5 33 -4 34
1536	70 53 71 54
1540	-74 53 -73 54
1540	21 4 22 5
1544	-77 -11 -76 -10
1544	119 29 120 30
1544	48 39 49 40
1544	66 39 67 40
1544	74 19 75 20
1548	116 5 117 6
1548	168 -18 169 -17
1548	75 22 76 23
1552	-12 9 -11 10
1552	-6 12 -5 13
1552	0 7 1 8
1552	142 -38 143 -37
1552	40 61 41 62
1552	49 37 50 38
1556	-115 33 -114 34
1556	-6 6 -5 7
1556	-79 21 -78 22
1556	15 68 16 69
1556	72 52 73 53
1556	75 61 76 62
1560	-108 52 -107 53
1560	-111 63 -110 64
1560	-5 11 -4 12
1560	-67 43 -66 44
1560	142 45 143 46
1560	28 -11 29 -10
1560	74 43 75 44
1564	-101 28 -100 29
1564	-107 51 -106 52
1564	-45 -22 -44 -21
1564	-6 58 -5 59
1564	17 -23 18 -22
1564	36 48 37 49
1564	50 34 51 35
1564	74 16 75 17
1564	8 6 9 7
1568	31 62 32 63
1572	-114 43 -113 44
1572	-118 61 -117 62
1572	102 25 103 26
1572	13 13 14 14
1572	35 46 36 47
1572	51 54 52 55
1572	99 13 100 14
1576	-41 -16 -40 -15
1576	-78 21 -77 22
1576	129 36 130 37
1576	139 -35 140 -34
1576	58 37 59 38
1576	77 43 78 44
1576	94 23 95 24
1580	-110 62 -109 63
1580	-4 34 -3 35
1580	-98 39 -97 40
1580	1 35 2 36
1580	146 -44 147 -43
1580	30 30 31 31
1580	48 51 49 52
1584	-116 32 -115 33
1584	-152 59 -151 60
1584	171 -45 172 -44
1584	43 50 44 51
1588	-106 43 -105 44
1588	-38 -10 -37 -9
1588	-72 -42 -71 -41
1588	110 1 111 2
1588	15 62 16 63
1588	55 52 56 53
1588	71 33 72 34
1592	-114 47 -113 48
1592	-50 -28 -49 -27
1592	-66 50 -65 51
1592	121 38 122 39
1592	31 31 32 32
1592	73 21 74 22
1596	-135 62 -134 63
1596	-73 -13 -72 -12
1596	-89 17 -88 18
1596	27 65 28 66
1596	44 39 45 40
1596	74 18 75 19
1600	36 -1 37 0
1600	64 55 65 56
1604	-69 -23 -68 -22
1604	-99 20 -98 21
1604	47 60 48 61
1608	-139 64 -138 65
1608	-43 -22 -42 -21
1608	-80 8 -79 9
1608	14 62 15 63
1608	56 25 57 26
1612	-74 19 -73 20
1612	128 -4 129 -3
1612	26 65 27 66
1612	34 30 35 31
1612	45 42 46 43
1612	78 29 79 30
1616	-100 37 -99 38
1616	103 19 104 20
1616	16 -24 17 -23
1616	89 27 90 28
1620	-64 -66 -63 -65
1620	44 49 45 50
1620	70 25 71 26
1620	72 22 73 23
1624	-100 21 -99 22
1624	-7 58 -6 59
1624	-99 39 -98 40
1624	54 54 55 55
1632	-102 30 -101 31
1632	-104 42 -103 43
1632	-173 -14 -172 -13
1632	-58 -35 -57 -34
1632	-90 49 -89 50
1632	-99 37 -98 38
1632	120 13 121 14
1632	31 37 32 38
1632	50 36 51 37
1632	84 53 85 54
1636	-106 44 -105 45
1636	-110 44 -109 45
1636	-73 6 -72 7
1636	40 62 41 63
1636	47 -21 48 -20
1636	74 35 75 36
1636	76 32 77 33
1640	-16 16 -15 17
1640	45 50 46 51
1644	-49 -19 -48 -18
1644	-74 -43 -73 -42
1644	33 56 34 57
1644	68 43 69 44
1644	72 18 73 19
1644	74 32 75 33
1648	-121 44 -120 45
1648	10 4 11 5
1648	142 53 143 54
1648	38 36 39 37
1652	-109 42 -108 43
1652	-131 60 -130 61
1652	119 25 120 26
1656	-100 54 -99 55
1656	-120 44 -119 45
1656	-52 -28 -51 -27
1656	-60 55 -59 56
1656	-86 12 -85 13
1656	74 56 75 57
1660	-42 -14 -41 -13
1660	-61 -34 -60 -33
1660	149 -38 150 -37
1660	28 68 29 69
1660	29 -31 30 -30
1660	40 60 41 61
1664	-115 55 -114 56
1664	27 -17 28 -16
1668	-115 44 -114 45
1668	-88 15 -87 16
1672	-102 31 -101 32
1672	-102 36 -101 37
1672	-47 -22 -46 -21
1672	-54 -28 -53 -27
1672	25 37 26 38
1672	45 61 46 62
1672	79 18 80 19
1676	-83 22 -82 23
1676	126 39 127 40
1676	29 64 30 65
1676	42 37 43 38
1680	-65 47 -64 48
1680	117 36 118 37
1680	148 -37 149 -36
1684	-108 34 -107 35
1684	-12 12 -11 13
1684	-66 49 -65 50
1684	-78 47 -77 48
1684	101 13 102 14
1684	124 7 125 8
1688	-109 47 -108 48
1688	-55 5 -54 6
1688	12 66 13 67
1692	153 -27 154 -26
1692	28 64 29 65
1696	134 48 135 49
1696	41 47 42 48
1696	67 24 68 25
1696	73 24 74 25
1696	79 12 80 13
1700	-10 5 -9 6
1700	-18 32 -17 33
1700	-63 -65 -62 -64
1700	103 15 104 16
1700	125 58 126 59
1700	28 -32 29 -31
1700	41 39 42 40
1700	74 13 75 14
1704	-100 38 -99 39
1704	-120 53 -119 54
1704	-177 -44 -176 -43
1704	125 43 126 44
1704	149 -35 150 -34
1704	51 52 52 53
1708	-98 44 -97 45
1708	75 15 76 16
1708	90 56 91 57
1712	-132 60 -131 61
1712	-67 17 -66 18
1712	45 56 46 57
1716	-66 51 -65 52
1716	-97 17 -96 18
1716	10 64 11 65
1720	-117 36 -116 37
1720	101 56 102 57
1720	28 -5 29 -4
1724	-120 45 -119 46
1724	-58 54 -57 55
1724	121 30 122 31
1724	124 9 125 10
1724	15 36 16 37
1724	47 -23 48 -22
1724	84 19 85 20
1724	98 2 99 3
1728	-48 -21 -47 -20
1728	-92 50 -91 51
1728	0 6 1 7
1728	54 51 55 52
1728	73 22 74 23
1728	87 52 88 53
1732	67 59 68 60
1736	57 54 58 55
1736	68 58 69 59
1740	-113 61 -112 62
1740	-86 45 -85 46
1740	158 53 159 54
1740	41 49 42 50
1740	45 52 46 53
1744	-134 68 -133 69
1744	-38 -7 -37 -6
1744	-68 44 -67 45
1744	-93 57 -92 58
1744	33 -14 34 -13
1744	41 46 42 47
1744	58 52 59 53
1744	76 56 77 57
1744	93 55 94 56
1748	-17 15 -16 16
1748	-55 -35 -54 -34
1748	-74 6 -73 7
1748	-99 28 -98 29
1748	123 41 124 42
1748	125 10 126 11
1748	130 34 131 35
1748	147 -36 148 -35
1748	73 20 74 21
1752	-89 47 -88 48
1752	11 10 12 11
1752	38 59 39 60
1752	53 68 54 69
1756	-114 45 -113 46
1756	-49 -15 -48 -14
1756	-56 -26 -55 -25
1756	107 51 108 52
1756	143 -39 144 -38
1760	-100 27 -99 28
1760	115 -35 116 -34
1760	125 12 126 13
1760	29 65 30 66
1760	64 57 65 58
1764	-108 35 -107 36
1764	71 40 72 41
1768	-120 47 -119 48
1768	-121 48 -120 49
1768	57 23 58 24
1768	78 42 79 43
1772	-100 39 -99 40
1772	-106 54 -105 55
1772	102 19 103 20
1772	108 14 109 15
1772	120 28 121 29
1772	30 31 31 32
1772	37 53 38 54
1776	-118 44 -117 45
1776	-51 -21 -50 -20
1780	-7 30 -6 31
1780	-77 18 -76 19
1784	-131 54 -130 55
1784	16 8 17 9
1784	34 28 35 29
1784	47 54 48 55
1788	-16 13 -15 14
1788	-78 -12 -77 -11
1788	145 -43 146 -42
1788	37 -1 38 0
1788	42 60 43 61
1788	57 60 58 61
1792	-109 54 -108 55
1792	-93 49 -92 50
1792	78 16 79 17
1796	-101 53 -100 54
1796	-70 43 -69 44
1796	117 31 118 32
1796	140 51 141 52
1796	68 38 69 39
1800	-18 27 -17 28
1800	106 20 107 21
1800	60 59 61 60
1800	70 60 71 61
1800	99 14 100 15
1804	-100 56 -99 57
1804	-118 53 -117 54
1804	75 21 76 22
1808	-50 -25 -49 -24
1808	-66 -22 -65 -21
1808	23 -21 24 -20
1808	33 -16 34 -15
1808	45 55 46 56
1808	89 24 90 25
1812	-101 37 -100 38
1812	-69 -33 -68 -32
1812	28 -9 29 -8
1816	-108 47 -107 48
1816	-81 22 -80 23
1816	-99 18 -98 19
1816	141 59 142 60
1816	81 29 82 30
1816	9 11 10 12
1820	-5 58 -4 59
1820	-66 -29 -65 -28
1820	109 18 110 19
1820	139 42 140 43
1824	-79 -7 -78 -6
1824	-92 34 -91 35
1824	53 63 54 64
1828	-65 -18 -64 -17
1828	56 55 57 56
1832	-110 42 -109 43
1832	51 57 52 58
1836	-111 35 -110 36
1836	-83 43 -82 44
1836	29 -10 30 -9
1840	-49 -2 -48 -1
1840	113 51 114 52
1840	35 41 36 42
1844	-75 -13 -74 -12
1844	-83 45 -82 46
1844	149 -37 150 -36
1844	178 -38 179 -37
1844	46 -26 47 -25
1844	99 20 100 21
1848	106 11 107 12
1848	126 63 127 64
1848	34 58 35 59
1852	1 9 2 10
1852	128 32 129 33
1852	21 64 22 65
1852	30 58 31 59
1856	-114 50 -113 51
1856	112 23 113 24
1856	152 -25 153 -24
1856	26 63 27 64
1856	30 64 31 65
1860	-72 -32 -71 -31
1860	-76 -13 -75 -12
1860	37 58 38 59
1864	-116 42 -115 43
1864	-48 -25 -47 -24
1864	-69 -32 -68 -31
1864	-95 61 -94 62
1864	32 56 33 57
1864	34 52 35 53
1864	35 -1 36 0
1868	-66 -21 -65 -20
1868	-99 44 -98 45
1868	147 -38 148 -37
1872	102 -4 103 -3
1876	-53 -24 -52 -23
1876	-62 -65 -61 -64
1876	107 16 108 17
1876	140 -35 141 -34
1876	80 17 81 18
1876	89 26 90 27
1880	-125 43 -124 44
1880	-68 -18 -67 -17
1880	28 51 29 52
1880	8 36 9 37
1884	-80 -2 -79 -1
1884	40 59 41 60
1884	60 69 61 70
1888	-104 19 -103 20
1888	-109 45 -108 46
1888	-64 10 -63 11
1888	40 39 41 40
1888	53 53 54 54
1892	-104 40 -103 41
1892	-36 -6 -35 -5
1892	148 -21 149 -20
1892	35 -9 36 -8
1892	44 52 45 53
1892	77 8 78 9
1896	-106 33 -105 34
1896	-74 -42 -73 -41
1896	34 36 35 37
1900	-100 46 -99 47
1900	112 22 113 23
1900	40 53 41 54
1900	52 53 53 54
1900	52 67 53 68
1904	-102 55 -101 56
1904	-63 -39 -62 -38
1904	19 63 20 64
1904	36 -17 37 -16
1908	-110 54 -109 55
1908	103 17 104 18
1908	33 1 34 2
1912	75 42 76 43
1912	9 3 10 4
1916	-65 -22 -64 -21
1916	116 23 117 24
1916	33 39 34 40
1920	-117 52 -116 53
1920	-86 11 -85 12
1920	61 58 62 59
1920	74 21 75 22
1924	107 47 108 48
1924	128 26 129 27
1924	45 35 46 36
1928	-108 44 -107 45
1928	-84 44 -83 45
1928	17 69 18 70
1928	73 34 74 35
1932	60 53 61 54
1932	76 15 77 16
1932	86 53 87 54
1936	-7 34 -6 35
1936	32 68 33 69
1936	46 41 47 42
1936	74 15 75 16
1940	40 -13 41 -12
1940	76 61 77 62
1944	-42 -22 -41 -21
1944	124 6 125 7
1944	147 -37 148 -36
1944	52 59 53 60
1948	141 52 142 53
1948	34 37 35 38
1948	34 64 35 65
1948	4 39 5 40
1948	71 35 72 36
1948	78 10 79 11
1952	-66 -27 -65 -26
1952	48 52 49 53
1956	29 -24 30 -23
1960	-6 7 -5 8
1960	-99 38 -98 39
1960	105 21 106 22
1960	63 61 64 62
1964	-81 -2 -80 -1
1964	100 12 101 13
1964	149 -22 150 -21
1964	19 39 20 40
1964	32 69 33 70
1964	47 53 48 54
1972	-101 30 -100 31
1972	-109 43 -108 44
1972	-88 40 -87 41
1972	35 34 36 35
1980	65 59 66 60
1980	82 49 83 50
1980	88 27 89 28
1984	-107 44 -106 45
1984	-45 -21 -44 -20
1984	150 -36 151 -35
1988	101 4 102 5
1988	149 -30 150 -29
1988	77 17 78 18
1988	99 12 100 13
1992	-102 34 -101 35
1992	-131 56 -130 57
1992	120 17 121 18
1992	29 -32 30 -31
1992	36 60 37 61
1996	-101 19 -100 20
1996	-65 -20 -64 -19
1996	27 69 28 70
2000	-138 65 -137 66
2000	-24 15 -23 16
2000	-65 60 -64 61
2000	-73 -42 -72 -41
2000	38 63 39 64
2004	118 35 119 36
2004	16 7 17 8
2004	27 -33 28 -32
2008	-10 11 -9 12
2008	-111 44 -110 45
2008	-52 -22 -51 -21
2008	69 42 70 43
2016	-102 56 -101 57
2016	-84 22 -83 23
2016	5 10 6 11
2016	66 61 67 62
2016	77 34 78 35
2020	-100 20 -99 21
2024	-53 5 -52 6
2024	-72 18 -71 19
2024	29 49 30 50
2024	49 -15 50 -14
2028	-120 48 -119 49
2028	-36 -8 -35 -7
2028	-89 14 -88 15
2028	15 61 16 62
2032	-101 59 -100 60
2032	-118 36 -117 37
2032	142 50 143 51
2036	-132 53 -131 54
2036	118 31 119 32
2036	145 -37 146 -36
2036	44 55 45 56
2036	72 41 73 42
2040	-75 18 -74 19
2040	68 40 69 41
2040	73 42 74 43
2040	78 18 79 19
2044	-56 52 -55 53
2044	166 -47 167 -46
2044	24 -34 25 -33
2044	26 40 27 41
2044	38 39 39 40
2044	46 52 47 53
2044	99 17 100 18
2048	-101 33 -100 34
2048	-103 21 -102 22
2048	-115 49 -114 50
2048	20 67 21 68
2048	75 30 76 31
2052	-100 41 -99 42
2052	-103 32 -102 33
2052	-43 -20 -42 -19
2052	18 60 19 61
2052	30 -27 31 -26
2052	77 23 78 24
2056	-110 40 -109 41
2056	-53 -27 -52 -26
2056	57 50 58 51
2060	-6 51 -5 52
2060	23 66 24 67
2064	50 52 51 53
2068	-73 -41 -72 -40
2072	-107 28 -106 29
2072	-108 32 -107 33
2072	-160 22 -159 23
2072	104 30 105 31
2072	28 -12 29 -11
2072	58 56 59 57
2072	85 50 86 51
2076	-16 18 -15 19
2076	-88 14 -87 15
2076	75 14 76 15
2076	75 63 76 64
2080	-112 55 -111 56
2080	-44 -22 -43 -21
2080	138 38 139 39
2080	38 9 39 10
2084	-136 62 -135 63
2084	102 18 103 19
2092	-105 33 -104 34
2092	-124 38 -123 39
2092	-86 10 -85 11
2092	-88 13 -87 14
2092	24 63 25 64
2092	27 40 28 41
2092	32 -15 33 -14
2092	45 -26 46 -25
2096	-135 67 -134 68
2096	121 15 122 16
2096	13 65 14 66
2096	146 -43 147 -42
2100	-11 9 -10 10
2100	-111 39 -110 40
2100	-43 -21 -42 -20
2100	-56 -27 -55 -26
2100	53 52 54 53
2104	-119 48 -118 49
2104	-99 17 -98 18
2108	-118 45 -117 46
2108	-64 58 -63 59
2108	74 31 75 32
2112	-105 21 -104 22
2112	34 1 35 2
2116	-101 41 -100 42
2116	-111 40 -110 41
2116	-16 12 -15 13
2116	-69 12 -68 13
2116	-98 18 -97 19
2116	38 8 39 9
2116	73 17 74 18
2116	94 55 95 56
2124	27 -26 28 -25
2124	29 38 30 39
2124	31 -29 32 -28
2124	45 -13 46 -12
2128	-7 33 -6 34
2128	-90 20 -89 21
2128	76 60 77 61
2132	-125 42 -124 43
2132	122 -5 123 -4
2132	20 65 21 66
2132	46 55 47 56
2132	64 60 65 61
2136	11 5 12 6
2136	119 33 120 34
2136	126 9 127 10
2136	144 13 145 14
2140	-104 52 -103 53
2140	-74 -37 -73 -36
2144	-102 32 -101 33
2144	-118 56 -117 57
2144	-99 45 -98 46
2144	16 42 17 43
2144	17 39 18 40
2144	34 67 35 68
2144	74 20 75 21
2148	125 8 126 9
2152	-49 -17 -48 -16
2152	-60 -35 -59 -34
2152	101 6 102 7
2152	152 -31 153 -30
2152	172 -41 173 -40
2152	28 58 29 59
2156	-11 7 -10 8
2156	71 60 72 61
2160	-100 18 -99 19
2160	128 38 129 39
2164	-111 41 -110 42
2164	-79 69 -78 70
2164	-89 48 -88 49
2164	33 62 34 63
2164	79 17 80 18
2164	98 19 99 20
2168	-59 6 -58 7
2168	-63 -66 -62 -65
2168	100 17 101 18
2168	56 53 57 54
2172	-17 16 -16 17
2172	44 36 45 37
2172	46 38 47 39
2172	69 59 70 60
2172	76 13 77 14
2172	97 5 98 6
2176	-114 51 -113 52
2176	-129 60 -128 61
2176	-49 -24 -48 -23
2176	-99 42 -98 43
2176	88 26 89 27
2184	148 -36 149 -35
2184	26 52 27 53
2184	81 6 82 7
2188	3 6 4 7
2192	-66 -23 -65 -22
2192	117 -9 118 -8
2192	72 55 73 56
2196	-102 41 -101 42
2196	18 7 19 8
2200	-157 20 -156 21
2200	-49 -26 -48 -25
2204	14 5 15 6
2204	36 40 37 41
2204	37 39 38 40
2208	-137 66 -136 67
2208	-46 -22 -45 -21
2208	-79 -8 -78 -7
2208	26 37 27 38
2212	79 21 80 22
2216	-104 32 -103 33
2216	-105 41 -104 42
2216	-110 43 -109 44
2216	-52 -23 -51 -22
2220	-92 33 -91 34
2220	108 34 109 35
2220	84 54 85 55
2224	-112 46 -111 47
2224	-118 51 -117 52
2224	-129 54 -128 55
2224	-8 11 -7 12
2224	113 -9 114 -8
2224	32 61 33 62
2224	42 50 43 51
2228	-100 33 -99 34
2228	42 51 43 52
2232	26 -25 27 -24
2232	80 28 81 29
2236	-72 7 -71 8
2236	33 55 34 56
2236	44 34 45 35
2240	-106 32 -105 33
2240	-115 34 -114 35
2240	-62 50 -61 51
2240	-77 49 -76 50
2240	41 38 42 39
2244	-49 -23 -48 -22
2244	-74 -14 -73 -13
2244	38 7 39 8
2248	0 10 1 11
2248	20 11 21 12
2248	77 30 78 31
2252	-102 49 -101 50
2252	-113 45 -112 46
2256	-50 -21 -49 -20
2256	-77 -12 -76 -11
2256	-98 50 -97 51
2256	48 38 49 39
2260	45 40 46 41
2260	80 26 81 27
2268	-4 14 -3 15
2268	126 38 127 39
2268	47 52 48 53
2272	-117 49 -116 50
2272	-92 35 -91 36
2272	42 47 43 48
2272	90 24 91 25
2276	-15 13 -14 14
2276	152 -29 153 -28
2276	19 64 20 65
2280	10 6 11 7
2280	123 -9 124 -8
2280	139 39 140 40
2280	37 40 38 41
2284	-115 32 -114 33
2284	10 35 11 36
2284	28 52 29 53
2288	-137 60 -136 61
2288	-96 28 -95 29
2288	120 29 121 30
2288	46 -20 47 -19
2292	-126 61 -125 62
2292	-51 -25 -50 -24
2292	-76 20 -75 21
2292	65 56 66 57
2292	74 14 75 15
2296	162 57 163 58
2296	93 23 94 24
2300	-100 55 -99 56
2300	-65 51 -64 52
2300	27 50 28 51
2300	41 40 42 41
2300	71 34 72 35
2304	-113 53 -112 54
2304	-132 52 -131 53
2304	-133 60 -132 61
2304	106 29 107 30
2304	54 53 55 54
2304	79 11 80 12
2308	-84 9 -83 10
2308	72 61 73 62
2308	85 55 86 56
2312	-7 5 -6 6
2312	149 -34 150 -33
2312	35 40 36 41
2316	-82 24 -81 25
2320	-1 5 0 6
2320	-112 31 -111 32
2320	143 51 144 52
2320	7 9 8 10
2324	-93 33 -92 34
2324	34 47 35 48
2328	-127 54 -126 55
2328	29 -12 30 -11
2328	31 47 32 48
2332	-50 -29 -49 -28
2332	-74 10 -73 11
2332	-80 -5 -79 -4
2332	46 40 47 41
2336	26 51 27 52
2340	-109 33 -108 34
2340	-116 47 -115 48
2340	-51 -26 -50 -25
2340	-65 58 -64 59
2340	-71 18 -70 19
2340	100 18 101 19
2340	31 29 32 30
2340	79 29 80 30
2344	-4 58 -3 59
2348	139 52 140 53
2348	63 56 64 57
2356	-108 43 -107 44
2356	-128 54 -127 55
2356	-67 55 -66 56
2356	29 -29 30 -28
2356	73 49 74 50
2360	-104 50 -103 51
2360	-61 -32 -60 -31
2360	130 30 131 31
2360	56 60 57 61
2364	-66 -19 -65 -18
2364	123 -11 124 -10
2364	124 8 125 9
2364	43 -24 44 -23
2368	-26 37 -25 38
2372	-108 36 -107 37
2372	-119 45 -118 46
2372	-5 14 -4 15
2376	-3 35 -2 36
2376	-7 56 -6 57
2376	117 39 118 40
2376	29 39 30 40
2376	32 63 33 64
2380	-119 46 -118 47
2380	-158 21 -157 22
2384	-100 31 -99 32
2384	-59 -28 -58 -27
2384	-78 -9 -77 -8
2384	129 62 130 63
2388	30 -31 31 -30
2392	62 55 63 56
2396	-50 -23 -49 -22
2400	-101 32 -100 33
2400	-121 61 -120 62
2400	55 53 56 54
2400	95 5 96 6
2404	165 -22 166 -21
2404	23 39 24 40
2404	28 -10 29 -9
2404	72 40 73 41
2408	-98 54 -97 55
2408	34 -1 35 0
2408	34 40 35 41
2412	107 10 108 11
2412	112 34 113 35
2412	29 51 30 52
2412	30 38 31 39
2412	31 58 32 59
2416	-74 49 -73 50
2416	-98 40 -97 41
2416	33 0 34 1
2416	40 46 41 47
2420	-105 42 -104 43
2420	13 40 14 41
2420	27 -22 28 -21
2424	33 46 34 47
2424	77 10 78 11
2428	-54 -24 -53 -23
2428	52 29 53 30
2432	-65 -19 -64 -18
2432	54 17 55 18
2432	76 55 77 56
2436	-72 -36 -71 -35
2440	-104 43 -103 44
2440	-67 44 -66 45
2440	13 32 14 33
2440	43 43 44 44
2440	51 56 52 57
2440	75 11 76 12
2444	-106 35 -105 36
2444	-3 49 -2 50
2444	31 -30 32 -29
2444	96 16 97 17
2448	-51 -30 -50 -29
2448	50 61 51 62
2452	-60 51 -59 52
2452	78 11 79 12
2456	-121 46 -120 47
2456	-139 61 -138 62
2456	-15 10 -14 11
2460	23 59 24 60
2464	-118 46 -117 47
2464	105 11 106 12
2464	36 61 37 62
2468	-3 34 -2 35
2468	-6 34 -5 35
2476	-111 55 -110 56
2476	-87 45 -86 46
2480	129 28 130 29
2480	72 60 73 61
2480	96 17 97 18
2484	41 60 42 61
2488	13 44 14 45
2488	49 54 50 55
2492	111 -8 112 -7
2492	9 34 10 35
2496	-114 54 -113 55
2496	-82 25 -81 26
2496	37 38 38 39
2496	40 37 41 38
2500	-79 0 -78 1
2500	-80 48 -79 49
2500	108 15 109 16
2500	144 -37 145 -36
2504	-105 44 -104 45
2504	-67 50 -66 51
2508	-126 51 -125 52
2508	-51 -22 -50 -21
2508	30 37 31 38
2512	-101 35 -100 36
2512	-99 31 -98 32
2516	39 40 40 41
2520	-55 -21 -54 -20
2520	50 54 51 55
2520	50 57 51 58
2524	116 -34 117 -33
2524	39 49 40 50
2524	43 61 44 62
2528	-56 -35 -55 -34
2528	-90 32 -89 33
2532	-124 59 -123 60
2532	-68 50 -67 51
2532	127 39 128 40
2532	28 50 29 51
2532	37 50 38 51
2536	-80 -1 -79 0
2536	14 4 15 5
2536	31 61 32 62
2536	60 58 61 59
2536	7 11 8 12
2536	79 30 80 31
2540	-113 44 -112 45
2540	31 66 32 67
2540	33 66 34 67
2544	-107 43 -106 44
2544	-113 43 -112 44
2544	166 -46 167 -45
2544	38 40 39 41
2548	-102 46 -101 47
2548	-112 38 -111 39
2548	-61 50 -60 51
2548	-76 37 -75 38
2548	125 -9 126 -8
2548	29 0 30 1
2552	-108 49 -107 50
2552	-57 -26 -56 -25
2552	177 -18 178 -17
2556	-100 28 -99 29
2556	121 17 122 18
2556	8 9 9 10
2560	-73 -39 -72 -38
2564	-35 -8 -34 -7
2564	-79 -3 -78 -2
2564	32 41 33 42
2568	-111 45 -110 46
2568	13 -9 14 -8
2568	75 26 76 27
2568	80 8 81 9
2572	-77 20 -76 21
2576	-123 57 -122 58
2576	126 34 127 35
2580	-104 48 -103 49
2580	12 5 13 6
2584	-110 41 -109 42
2584	-49 -16 -48 -15
2584	-95 56 -94 57
2584	22 36 23 37
2588	-122 57 -121 58
2588	-66 -18 -65 -17
2588	-97 37 -96 38
2588	48 46 49 47
2592	-118 48 -117 49
2592	31 46 32 47
2592	43 40 44 41
2596	-105 69 -104 70
2596	-74 -38 -73 -37
2596	14 61 15 62
2596	140 43 141 44
2600	-136 60 -135 61
2600	-141 61 -140 62
2600	40 38 41 39
2604	-112 39 -111 40
2604	-128 61 -127 62
2604	37 59 38 60
2604	47 40 48 41
2608	-41 -20 -40 -19
2608	-47 -21 -46 -20
2608	37 52 38 53
2608	51 58 52 59
2612	-109 32 -108 33
2612	-72 -17 -71 -16
2612	-87 42 -86 43
2612	92 55 93 56
2616	-73 -14 -72 -13
2616	57 57 58 58
2620	-89 32 -88 33
2620	142 47 143 48
2620	75 13 76 14
2624	-10 10 -9 11
2624	35 -19 36 -18
2624	75 29 76 30
2628	-112 50 -111 51
2628	-69 45 -68 46
2628	75 55 76 56
2632	120 -10 121 -9
2632	24 52 25 53
2632	69 34 70 35
2640	-102 33 -101 34
2640	12 10 13 11
2644	-78 -13 -77 -12
2644	30 -3 31 -2
2648	-90 33 -89 34
2648	136 49 137 50
2648	32 23 33 24
2648	81 54 82 55
2652	-107 34 -106 35
2652	-5 34 -4 35
2652	-97 38 -96 39
2656	-109 52 -108 53
2656	-115 36 -114 37
2656	-68 -47 -67 -46
2660	5 6 6 7
2660	59 36 60 37
2664	-94 56 -93 57
2664	121 23 122 24
2664	178 -39 179 -38
2664	35 37 36 38
2664	7 63 8 64
2668	39 39 40 40
2672	-111 36 -110 37
2672	-6 33 -5 34
2672	128 34 129 35
2672	139 51 140 52
2676	-115 35 -114 36
2676	28 43 29 44
2676	30 39 31 40
2680	98 8 99 9
2684	-101 31 -100 32
2684	-129 52 -128 53
2688	-64 18 -63 19
2688	167 -47 168 -46
2688	68 61 69 62
2692	-110 45 -109 46
2692	-111 34 -110 35
2692	76 11 77 12
2696	-100 34 -99 35
2696	114 -9 115 -8
2696	25 39 26 40
2696	9 5 10 6
2700	-9 31 -8 32
2700	22 61 23 62
2704	-101 40 -100 41
2704	-106 42 -105 43
2704	29 37 30 38
2712	37 64 38 65
2712	74 55 75 56
2712	9 35 10 36
2716	-107 32 -106 33
2716	-156 19 -155 20
2720	-103 42 -102 43
2720	-111 43 -110 44
2720	-68 10 -67 11
2720	33 40 34 41
2724	-111 62 -110 63
2724	38 50 39 51
2728	36 32 37 33
2732	-15 28 -14 29
2732	33 52 34 53
2736	28 40 29 41
2740	-103 41 -102 42
2740	-105 43 -104 44
2740	-139 60 -138 61
2740	-87 43 -86 44
2744	-126 54 -125 55
2744	-64 49 -63 50
2744	-81 -4 -80 -3
2744	122 -6 123 -5
2748	-95 48 -94 49
2752	-116 35 -115 36
2752	24 36 25 37
2752	35 30 36 31
2752	77 16 78 17
2756	-106 36 -105 37
2756	116 -33 117 -32
2756	42 52 43 53
2756	58 58 59 59
2760	55 24 56 25
2764	-101 56 -100 57
2764	-53 -28 -52 -27
2764	40 51 41 52
2768	-71 -35 -70 -34
2768	152 -27 153 -26
2772	-116 46 -115 47
2772	-122 46 -121 47
2772	111 -9 112 -8
2772	9 36 10 37
2776	-110 34 -109 35
2776	-133 54 -132 55
2776	13 60 14 61
2776	15 4 16 5
2776	28 38 29 39
2776	36 -18 37 -17
2776	45 48 46 49
2780	-54 46 -53 47
2780	-80 22 -79 23
2784	132 43 133 44
2788	-102 48 -101 49
2788	24 62 25 63
2792	-119 44 -118 45
2792	33 65 34 66
2796	113 52 114 53
2796	58 54 59 55
2804	-77 2 -76 3
2808	-73 5 -72 6
2808	33 69 34 70
2812	-62 46 -61 47
2812	125 38 126 39
2812	25 52 26 53
2812	33 -10 34 -9
2812	99 11 100 12
2816	-73 40 -72 41
2816	169 -44 170 -43
2820	107 -8 108 -7
2820	18 57 19 58
2820	22 65 23 66
2820	58 55 59 56
2824	146 43 147 44
2824	32 58 33 59
2824	46 61 47 62
2828	123 9 124 10
2828	30 -29 31 -28
2828	7 5 8 6
2832	40 49 41 50
2832	44 43 45 44
2832	52 56 53 57
2836	-78 18 -77 19
2836	27 36 28 37
2836	76 29 77 30
2836	89 55 90 56
2844	-117 48 -116 49
2844	145 44 146 45
2844	37 49 38 50
2844	53 67 54 68
2848	-124 61 -123 62
2848	35 63 36 64
2852	-50 -15 -49 -14
2852	-80 -4 -79 -3
2852	14 38 15 39
2852	50 26 51 27
2856	-92 14 -91 15
2860	-128 59 -127 60
2860	-49 -25 -48 -24
2860	-95 40 -94 41
2860	40 48 41 49
2864	49 52 50 53
2864	7 13 8 14
2864	7 36 8 37
2868	-9 6 -8 7
2868	-92 49 -91 50
2872	-138 60 -137 61
2872	85 52 86 53
2876	118 24 119 25
2876	30 63 31 64
2884	-69 46 -68 47
2884	-74 4 -73 5
2884	51 51 52 52
2888	-129 55 -128 56
2888	118 32 119 33
2888	25 -3 26 -2
2892	132 48 133 49
2892	34 -17 35 -16
2900	129 34 130 35
2900	24 64 25 65
2900	30 -2 31 -1
2904	34 41 35 42
2908	152 -32 153 -31
2912	-89 13 -88 14
2912	24 65 25 66
2916	-6 31 -5 32
2916	91 22 92 23
2920	-150 61 -149 62
2920	34 59 35 60
2924	23 35 24 36
2928	46 53 47 54
2932	27 68 28 69
2932	30 51 31 52
2940	146 -38 147 -37
2940	28 37 29 38
2940	29 -6 30 -5
2944	-62 56 -61 57
2944	29 8 30 9
2948	-125 61 -124 62
2956	-103 48 -102 49
2956	-75 -14 -74 -13
2960	-126 50 -125 51
2960	-138 63 -137 64
2960	-73 -37 -72 -36
2964	25 51 26 52
2964	27 39 28 40
2964	40 58 41 59
2964	51 53 52 54
2968	-119 55 -118 56
2968	-49 -22 -48 -21
2972	-85 31 -84 32
2972	125 6 126 7
2972	13 68 14 69
2972	86 54 87 55
2976	0 35 1 36
2976	124 1 125 2
2980	12 6 13 7
2984	37 -2 38 -1
2988	-92 32 -91 33
2988	36 58 37 59
2988	56 56 57 57
2992	-104 53 -103 54
2992	79 6 80 7
2996	-82 45 -81 46
2996	141 41 142 42
3008	-137 62 -136 63
3008	29 66 30 67
3008	34 63 35 64
3008	59 53 60 54
3012	121 13 122 14
3012	38 37 39 38
3016	35 49 36 50
3016	39 58 40 59
3020	-112 54 -111 55
3020	-80 9 -79 10
3020	22 57 23 58
3024	96 3 97 4
3028	-87 13 -86 14
3028	25 64 26 65
3028	29 58 30 59
3032	-102 19 -101 20
3032	33 50 34 51
3032	38 46 39 47
3036	-17 32 -16 33
3036	-73 8 -72 9
3036	-74 8 -73 9
3036	-79 47 -78 48
3040	-91 48 -90 49
3044	-56 51 -55 52
3044	36 45 37 46
3044	51 32 52 33
3048	46 -25 47 -24
3048	50 56 51 57
3052	-76 35 -75 36
3052	104 17 105 18
3060	-101 34 -100 35
3064	-114 36 -113 37
3064	30 -1 31 0
3064	33 54 34 55
3068	-110 35 -109 36
3072	-107 42 -106 43
3072	-115 47 -114 48
3072	-116 49 -115 50
3072	-94 33 -93 34
3072	-98 38 -97 39
3072	31 40 32 41
3076	-68 -17 -67 -16
3076	-99 34 -98 35
3076	140 52 141 53
3080	58 23 59 24
3084	76 28 77 29
3092	-84 43 -83 44
3092	13 6 14 7
3096	-104 46 -103 47
3096	-72 -35 -71 -34
3096	41 63 42 64
3100	-114 62 -113 63
3100	-88 44 -87 45
3104	25 63 26 64
3108	-117 45 -116 46
3108	-134 67 -133 68
3108	73 33 74 34
3112	20 38 21 39
3112	70 41 71 42
3116	-58 53 -57 54
3116	24 40 25 41
3116	4 60 5 61
3120	-90 14 -89 15
3120	-92 36 -91 37
3120	174 -39 175 -38
3120	27 44 28 45
3120	30 -4 31 -3
3124	-100 32 -99 33
3124	34 0 35 1
3124	41 61 42 62
3128	-109 34 -108 35
3128	-114 59 -113 60
3128	-50 -24 -49 -23
3128	-61 53 -60 54
3128	123 12 124 13
3128	14 60 15 61
3128	33 67 34 68
3132	-100 30 -99 31
3132	-91 35 -90 36
3132	127 34 128 35
3132	23 -20 24 -19
3132	77 11 78 12
3136	-109 36 -108 37
3136	35 57 36 58
3144	-122 48 -121 49
3144	-9 8 -8 9
3148	120 32 121 33
3148	59 58 60 59
3164	43 52 44 53
3168	-77 -13 -76 -12
3168	-91 34 -90 35
3172	-110 36 -109 37
3172	-120 42 -119 43
3172	-120 46 -119 47
3176	1 38 2 39
3180	30 36 31 37
3180	37 45 38 46
3184	-99 41 -98 42
3184	127 0 128 1
3188	100 14 101 15
3188	14 11 15 12
3192	-90 36 -89 37
3196	35 45 36 46
3200	21 62 22 63
3204	-96 37 -95 38
3204	46 39 47 40
3208	-111 37 -110 38
3208	103 16 104 17
3208	128 37 129 38
3208	28 39 29 40
3212	-102 35 -101 36
3212	-42 -21 -41 -20
3212	32 36 33 37
3216	-136 59 -135 60
3224	-110 33 -109 34
3224	-47 -23 -46 -22
3224	68 36 69 37
3224	70 36 71 37
3228	-65 59 -64 60
3228	-72 8 -71 9
3232	-111 54 -110 55
3232	34 55 35 56
3236	-176 -22 -175 -21
3236	-74 18 -73 19
3236	-8 55 -7 56
3240	-117 34 -116 35
3240	-38 -11 -37 -10
3240	-68 18 -67 19
3240	36 37 37 38
3244	-67 -19 -66 -18
3244	14 35 15 36
3244	78 54 79 55
3248	-94 58 -93 59
3256	-85 45 -84 46
3256	27 41 28 42
3260	24 43 25 44
3260	30 47 31 48
3264	-107 52 -106 53
3264	-119 52 -118 53
3264	-48 -22 -47 -21
3264	121 16 122 17
3264	27 -29 28 -28
3264	29 50 30 51
3268	-39 -4 -38 -3
3272	44 33 45 34
3276	-101 55 -100 56
3276	-96 31 -95 32
3276	121 29 122 30
3276	26 56 27 57
3280	14 68 15 69
3284	-135 59 -134 60
3288	-37 -10 -36 -9
3296	-75 43 -74 44
3296	-79 48 -78 49
3296	71 51 72 52
3304	41 64 42 65
3308	-12 14 -11 15
3308	-94 29 -93 30
3308	42 43 43 44
3312	-111 38 -110 39
3312	-75 5 -74 6
3316	-85 10 -84 11
3316	169 -47 170 -46
3320	-66 -25 -65 -24
3324	-5 5 -4 6
3324	146 -39 147 -38
3328	-70 18 -69 19
3328	21 65 22 66
3328	27 48 28 49
3332	-120 62 -119 63
3336	-88 35 -87 36
3336	75 12 76 13
3340	-109 35 -108 36
3340	-125 41 -124 42
3340	-63 44 -62 45
3344	-4 5 -3 6
3344	-78 -10 -77 -9
3344	119 26 120 27
3344	78 30 79 31
3348	-88 31 -87 32
3348	65 62 66 63
3352	-113 46 -112 47
3356	34 51 35 52
3356	70 61 71 62
3364	39 21 40 22
3368	-54 48 -53 49
3368	101 2 102 3
3368	33 34 34 35
3368	45 -25 46 -24
3376	28 -4 29 -3
3380	-93 35 -92 36
3380	27 63 28 64
3384	-52 -31 -51 -30
3384	-94 35 -93 36
3384	47 42 48 43
3388	-72 -14 -71 -13
3388	-99 33 -98 34
3388	168 -47 169 -46
3392	-114 42 -113 43
3392	29 -3 30 -2
3400	35 60 36 61
3404	-56 5 -55 6
3404	-76 9 -75 10
3404	-88 32 -87 33
3404	76 30 77 31
3408	91 27 92 28
3412	-54 -25 -53 -24
3416	-17 14 -16 15
3416	-8 33 -7 34
3416	70 37 71 38
3424	-10 54 -9 55
3424	-29 38 -28 39
3428	-10 6 -9 7
3428	-45 -20 -44 -19
3428	-73 11 -72 12
3432	-36 -10 -35 -9
3432	-89 31 -88 32
3432	-94 48 -93 49
3432	26 42 27 43
3436	-103 31 -102 32
3436	-98 28 -97 29
3440	12 65 13 66
3444	21 60 22 61
3444	29 57 30 58
3448	-52 64 -51 65
3452	-52 -24 -51 -23
3452	23 43 24 44
3460	36 53 37 54
3460	69 54 70 55
3464	47 -20 48 -19
3468	-93 32 -92 33
3468	-96 40 -95 41
3468	-99 26 -98 27
3468	21 57 22 58
3472	-100 40 -99 41
3472	-116 62 -115 63
3472	-58 50 -57 51
3472	147 -42 148 -41
3476	30 0 31 1
3480	41 41 42 42
3484	-53 47 -52 48
3484	115 28 116 29
3484	44 -24 45 -23
3488	-138 61 -137 62
3492	-112 37 -111 38
3492	-35 -9 -34 -8
3496	66 66 67 67
3500	-140 61 -139 62
3500	125 39 126 40
3500	31 51 32 52
3500	74 54 75 55
3504	37 37 38 38
3508	-64 57 -63 58
3512	41 51 42 52
3516	-113 40 -112 41
3516	40 54 41 55
3520	-106 41 -105 42
3520	15 43 16 44
3520	2 13 3 14
3520	43 39 44 40
3528	-110 32 -109 33
3528	-66 -17 -65 -16
3528	-83 30 -82 31
3528	42 44 43 45
3528	44 44 45 45
3540	-62 55 -61 56
3540	-87 31 -86 32
3540	34 -15 35 -14
3556	-101 48 -100 49
3556	-46 -23 -45 -22
3560	115 -34 116 -33
3560	14 44 15 45
3564	29 48 30 49
3564	57 59 58 60
3568	26 41 27 42
3568	33 57 34 58
3572	-120 59 -119 60
3572	-125 59 -124 60
3572	-81 38 -80 39
3572	31 48 32 49
3576	-130 60 -129 61
3576	-7 55 -6 56
3576	26 38 27 39
3576	34 38 35 39
3584	62 57 63 58
3588	-101 29 -100 30
3588	-44 -21 -43 -20
3588	-88 48 -87 49
3588	-97 19 -96 20
3588	33 64 34 65
3588	96 4 97 5
3592	-113 42 -112 43
3592	15 -5 16 -4
3596	-91 36 -90 37
3596	29 45 30 46
3596	36 52 37 53
3596	63 57 64 58
3600	-112 62 -111 63
3600	-7 32 -6 33
3600	-97 31 -96 32
3604	-117 37 -116 38
3604	-68 49 -67 50
3604	-94 39 -93 40
3604	30 61 31 62
3608	-59 54 -58 55
3608	72 36 73 37
3612	-99 54 -98 55
3616	-61 52 -60 53
3620	-99 46 -98 47
3620	14 63 15 64
3624	-57 53 -56 54
3628	-89 38 -88 39
3628	-98 27 -97 28
3632	-104 41 -103 42
3632	-72 -33 -71 -32
3632	-78 48 -77 49
3636	27 37 28 38
3640	-2 60 -1 61
3640	-96 48 -95 49
3644	-105 53 -104 54
3648	-112 44 -111 45
3652	32 55 33 56
3656	-118 49 -117 50
3656	20 64 21 65
3656	60 54 61 55
3660	-94 57 -93 58
3660	59 57 60 58
3664	-58 52 -57 53
3664	-64 -18 -63 -17
3668	-55 -26 -54 -25
3672	-67 48 -66 49
3676	17 42 18 43
3676	33 53 34 54
3680	116 -35 117 -34
3680	46 54 47 55
3684	126 36 127 37
3684	22 4 23 5
3684	31 36 32 37
3684	65 55 66 56
3684	87 53 88 54
3688	40 52 41 53
3692	-65 48 -64 49
3696	-114 46 -113 47
3696	-62 52 -61 53
3700	51 25 52 26
3704	-50 -20 -49 -19
3704	-90 34 -89 35
3704	33 -17 34 -16
3708	-8 57 -7 58
3708	-99 40 -98 41
3712	-14 10 -13 11
3712	120 30 121 31
3712	32 67 33 68
3712	53 54 54 55
3720	-113 41 -112 42
3720	-131 61 -130 62
3720	-61 55 -60 56
3724	-66 -20 -65 -19
3724	69 36 70 37
3728	132 32 133 33
3732	17 58 18 59
3732	36 36 37 37
3744	33 41 34 42
3748	-123 59 -122 60
3752	-115 60 -114 61
3752	-83 23 -82 24
3756	38 38 39 39
3760	-91 37 -90 38
3760	102 17 103 18
3760	44 53 45 54
3764	18 63 19 64
3764	32 3 33 4
3764	43 38 44 39
3768	-100 51 -99 52
3768	27 52 28 53
3772	46 58 47 59
3776	-117 46 -116 47
3776	-125 51 -124 52
3776	19 68 20 69
3776	85 28 86 29
3780	-89 34 -88 35
3780	-98 42 -97 43
3780	48 53 49 54
3780	55 56 56 57
3784	-75 10 -74 11
3784	85 51 86 52
3788	105 10 106 11
3788	28 69 29 70
3792	57 56 58 57
3792	71 52 72 53
3792	76 9 77 10
3800	-107 41 -106 42
3800	-74 5 -73 6
3800	-93 39 -92 40
3800	19 40 20 41
3800	27 45 28 46
3804	0 53 1 54
3808	-125 55 -124 56
3812	-109 49 -108 50
3812	32 37 33 38
3812	34 56 35 57
3812	71 37 72 38
3816	42 45 43 46
3820	-89 33 -88 34
3824	-95 33 -94 34
3824	-97 28 -96 29
3824	47 57 48 58
3828	-104 47 -103 48
3828	43 41 44 42
3828	78 53 79 54
3832	16 61 17 62
3836	-115 43 -114 44
3836	14 67 15 68
3836	26 -11 27 -10
3840	-115 52 -114 53
3840	43 53 44 54
3840	45 43 46 44
3844	34 -21 35 -20
3848	-103 46 -102 47
3848	100 6 101 7
3848	36 35 37 36
3856	-95 58 -94 59
3856	31 5 32 6
3864	-7 57 -6 58
3868	-80 56 -79 57
3868	141 44 142 45
3872	-71 19 -70 20
3876	42 41 43 42
3880	-106 53 -105 54
3880	-116 51 -115 52
3880	-17 13 -16 14
3884	-8 31 -7 32
3892	-63 46 -62 47
3892	29 41 30 42
3896	12 62 13 63
3900	-48 -16 -47 -15
3904	145 -18 146 -17
3908	103 52 104 53
3920	43 36 44 37
3924	-104 44 -103 45
3924	-97 42 -96 43
3924	109 -8 110 -7
3932	16 68 17 69
3936	24 37 25 38
3936	81 51 82 52
3944	-116 60 -115 61
3944	-14 28 -13 29
3944	-5 54 -4 55
3944	-79 -2 -78 -1
3948	-6 55 -5 56
3948	-72 -30 -71 -29
3948	27 56 28 57
3948	71 54 72 55
3956	-39 -13 -38 -12
3960	-60 52 -59 53
3964	-95 31 -94 32
3964	116 40 117 41
3964	20 45 21 46
3968	28 -2 29 -1
3972	-100 47 -99 48
3976	129 35 130 36
3980	-105 40 -104 41
3980	-110 39 -109 40
3980	-125 52 -124 53
3980	2 9 3 10
3984	-7 31 -6 32
3984	-97 48 -96 49
3984	14 58 15 59
3988	29 54 30 55
3992	142 46 143 47
3996	-122 35 -121 36
3996	127 38 128 39
4004	-88 39 -87 40
4012	-120 41 -119 42
4012	41 50 42 51
4016	-46 -24 -45 -23
4016	8 43 9 44
4020	28 56 29 57
4024	-78 46 -77 47
4024	-83 26 -82 27
4028	34 -20 35 -19
4032	-100 29 -99 30
4032	-110 49 -109 50
4036	-92 37 -91 38
4036	20 63 21 64
4036	33 61 34 62
4036	35 38 36 39
4044	-76 5 -75 6
4052	-13 14 -12 15
4052	31 9 32 10
4060	136 50 137 51
4064	-98 26 -97 27
4068	67 40 68 41
4072	-101 46 -100 47
4072	-103 51 -102 52
4072	28 63 29 64
4076	-112 35 -111 36
4076	-91 46 -90 47
4080	-76 10 -75 11
4080	-91 47 -90 48
4080	-96 33 -95 34
4084	42 61 43 62
4096	120 -3 121 -2
4100	32 60 33 61
4104	-106 20 -105 21
4104	-16 28 -15 29
4108	-126 52 -125 53
4108	-62 53 -61 54
4108	114 30 115 31
4112	-103 69 -102 70
4112	-127 50 -126 51
4116	-107 53 -106 54
4116	-6 38 -5 39
4120	-116 43 -115 44
4120	-69 50 -68 51
4120	44 42 45 43
4124	29 36 30 37
4124	31 53 32 54
4124	32 40 33 41
4132	-120 38 -119 39
4132	-126 59 -125 60
4148	-91 33 -90 34
4148	22 43 23 44
4152	126 35 127 36
4160	-125 40 -124 41
4160	-127 49 -126 50
4160	38 64 39 65
4164	41 37 42 38
4168	137 37 138 38
4168	139 34 140 35
4172	-86 30 -85 31
4176	-5 38 -4 39
4184	-115 46 -114 47
4188	-3 36 -2 37
4188	113 -8 114 -7
4192	-55 49 -54 50
4192	141 45 142 46
4200	-67 10 -66 11
4200	31 6 32 7
4200	39 38 40 39
4200	6 36 7 37
4204	-3 12 -2 13
4208	-113 37 -112 38
4208	-4 36 -3 37
4208	-60 54 -59 55
4208	25 -34 26 -33
4212	26 39 27 40
4212	69 37 70 38
4212	80 29 81 30
4216	-96 42 -95 43
4220	-98 34 -97 35
4220	29 63 30 64
4220	79 53 80 54
4224	4 53 5 54
4228	-86 43 -85 44
4232	36 -2 37 -1
4236	-111 31 -110 32
4244	-104 69 -103 70
4244	-66 18 -65 19
4256	-119 62 -118 63
4260	-65 56 -64 57
4260	58 53 59 54
4260	71 55 72 56
4264	-112 32 -111 33
4264	76 10 77 11
4268	-58 51 -57 52
4268	115 -9 116 -8
4268	145 -42 146 -41
4268	55 54 56 55
4272	-110 31 -109 32
4272	-57 52 -56 53
4276	-110 37 -109 38
4276	-134 60 -133 61
4280	-83 8 -82 9
4292	-114 60 -113 61
4296	32 46 33 47
4296	99 19 100 20
4308	-84 30 -83 31
4312	-101 20 -100 21
4312	1 36 2 37
4312	34 62 35 63
4316	-102 52 -101 53
4320	12 13 13 14
4324	-85 43 -84 44
4324	146 -37 147 -36
4324	28 36 29 37
4328	-72 19 -71 20
4332	15 12 16 13
4332	41 55 42 56
4340	-94 43 -93 44
4344	-108 53 -107 54
4348	-123 61 -122 62
4348	27 -27 28 -26
4348	81 28 82 29
4352	14 12 15 13
4352	28 54 29 55
4356	-17 12 -16 13
4372	79 54 80 55
4388	-66 48 -65 49
4388	28 48 29 49
4388	42 55 43 56
4392	136 37 137 38
4392	8 42 9 43
4396	25 35 26 36
4400	-8 30 -7 31
4400	12 59 13 60
4400	33 35 34 36
4400	35 53 36 54
4404	-9 11 -8 12
4404	41 57 42 58
4404	49 56 50 57
4404	55 51 56 52
4420	-91 49 -90 50
4424	-3 56 -2 57
4424	-95 37 -94 38
4424	53 58 54 59
4432	-100 35 -99 36
4432	-122 43 -121 44
4440	-73 -38 -72 -37
4440	28 53 29 54
4444	33 59 34 60
4448	-87 30 -86 31
4448	32 34 33 35
4452	-45 -23 -44 -22
4452	37 57 38 58
4456	171 -44 172 -43
4460	-117 47 -116 48
4464	23 63 24 64
4464	41 56 42 57
4472	31 54 32 55
4480	-122 45 -121 46
4480	-90 38 -89 39
4488	-116 44 -115 45
4488	32 53 33 54
4492	-58 -26 -57 -25
4496	170 -45 171 -44
4500	-2 34 -1 35
4504	-85 41 -84 42
4512	-114 37 -113 38
4516	-113 59 -112 60
4516	-121 42 -120 43
4516	-98 19 -97 20
4516	137 50 138 51
4520	32 54 33 55
4520	82 27 83 28
4528	-83 41 -82 42
4528	49 57 50 58
4536	104 11 105 12
4540	-89 36 -88 37
4544	-97 43 -96 44
4544	24 35 25 36
4548	51 55 52 56
4552	32 50 33 51
4556	-110 52 -109 53
4556	142 52 143 53
4564	-98 41 -97 42
4568	-117 60 -116 61
4572	169 -46 170 -45
4576	-91 32 -90 33
4576	21 37 22 38
4584	-63 56 -62 57
4584	-75 44 -74 45
4588	-69 -17 -68 -16
4588	147 -43 148 -42
4592	-112 42 -111 43
4592	-123 58 -122 59
4592	166 -23 167 -22
4592	35 -18 36 -17
4596	-124 58 -123 59
4596	-91 39 -90 40
4600	30 48 31 49
4612	-115 42 -114 43
4612	176 -41 177 -40
4612	36 34 37 35
4620	-121 57 -120 58
4624	-112 36 -111 37
4628	2 6 3 7
4628	83 55 84 56
4632	121 -9 122 -8
4636	27 70 28 71
4640	-94 40 -93 41
4640	153 -29 154 -28
4640	33 63 34 64
4640	48 56 49 57
4644	-80 41 -79 42
4644	-86 31 -85 32
4644	142 51 143 52
4648	-76 43 -75 44
4648	179 -17 180 -16
4648	21 43 22 44
4656	17 68 18 69
4660	-16 11 -15 12
4660	-99 55 -98 56
4664	146 44 147 45
4664	18 68 19 69
4664	53 57 54 58
4668	91 53 92 54
4672	21 44 22 45
4676	-60 53 -59 54
4676	-70 41 -69 42
4676	69 61 70 62
4684	120 -6 121 -5
4684	32 52 33 53
4684	35 -17 36 -16
4684	86 55 87 56
4688	9 58 10 59
4692	59 54 60 55
4696	-112 43 -111 44
4696	-122 61 -121 62
4696	-130 56 -129 57
4700	-101 47 -100 48
4700	-78 42 -77 43
4700	115 -33 116 -32
4700	30 -18 31 -17
4704	-86 40 -85 41
4708	93 56 94 57
4712	-122 44 -121 45
4716	17 60 18 61
4720	-67 52 -66 53
4720	-92 29 -91 30
4720	-93 36 -92 37
4724	-132 61 -131 62
4728	138 -36 139 -35
4732	-77 48 -76 49
4732	151 -33 152 -32
4736	54 58 55 59
4740	37 36 38 37
4744	-49 -28 -48 -27
4756	39 46 40 47
4760	13 57 14 58
4764	26 62 27 63
4772	-121 47 -120 48
4772	-86 46 -85 47
4772	33 51 34 52
4772	39 59 40 60
4776	43 42 44 43
4780	41 42 42 43
4784	-63 49 -62 50
4792	-74 7 -73 8
4792	12 37 13 38
4792	23 62 24 63
4796	-70 45 -69 46
4800	-66 54 -65 55
4804	-113 48 -112 49
4808	30 8 31 9
4816	135 48 136 49
4820	131 43 132 44
4824	54 56 55 57
4832	-10 9 -9 10
4832	-115 53 -114 54
4836	-109 53 -108 54
4836	-97 39 -96 40
4836	34 57 35 58
4836	46 24 47 25
4840	-85 44 -84 45
4840	-93 48 -92 49
4840	126 33 127 34
4840	26 53 27 54
4840	27 49 28 50
4840	28 -26 29 -25
4852	40 55 41 56
4856	30 -5 31 -4
4860	-105 19 -104 20
4860	-97 29 -96 30
4864	-55 -28 -54 -27
4880	-87 38 -86 39
4896	-95 34 -94 35
4896	57 58 58 59
4908	125 11 126 12
4916	32 49 33 50
4924	-6 35 -5 36
4928	34 49 35 50
4932	-93 42 -92 43
4936	-97 50 -96 51
4936	67 61 68 62
4940	-69 44 -68 45
4952	28 55 29 56
4956	-10 8 -9 9
4964	102 16 103 17
4964	176 -38 177 -37
4968	-82 27 -81 28
4972	35 54 36 55
4972	47 -19 48 -18
4976	-88 38 -87 39
4976	-98 55 -97 56
4976	98 3 99 4
4980	8 12 9 13
4984	-128 50 -127 51
4988	-116 48 -115 49
4988	1 7 2 8
5004	-70 46 -69 47
5004	-71 44 -70 45
5004	-98 45 -97 46
5012	28 62 29 63
5016	76 12 77 13
5024	100 5 101 6
5024	40 50 41 51
5028	-50 -19 -49 -18
5028	168 -46 169 -45
5028	52 57 53 58
5036	42 62 43 63
5040	-77 3 -76 4
5044	-18 14 -17 15
5048	-48 -24 -47 -23
5052	-95 50 -94 51
5052	0 50 1 51
5052	30 62 31 63
5056	-53 4 -52 5
5060	-7 38 -6 39
5068	-4 38 -3 39
5068	-77 34 -76 35
5068	-87 48 -86 49
5072	-111 33 -110 34
5080	-80 -3 -79 -2
5084	-88 43 -87 44
5088	23 60 24 61
5092	-118 47 -117 48
5092	-63 57 -62 58
5100	-114 34 -113 35
5100	-7 36 -6 37
5100	45 34 46 35
5104	41 52 42 53
5108	143 -38 144 -37
5108	174 -38 175 -37
5108	24 38 25 39
5108	33 -21 34 -20
5112	-1 35 0 36
5112	69 40 70 41
5116	29 70 30 71
5120	-87 40 -86 41
5120	68 60 69 61
5128	45 41 46 42
5136	-66 47 -65 48
5152	-120 40 -119 41
5156	27 59 28 60
5160	-50 -17 -49 -16
5160	33 45 34 46
5164	-65 -32 -64 -31
5164	25 56 26 57
5168	36 33 37 34
5168	51 35 52 36
5188	31 49 32 50
5192	-67 47 -66 48
5196	-13 10 -12 11
5196	-90 39 -89 40
5200	-122 59 -121 60
5200	0 9 1 10
5216	25 43 26 44
5224	-122 42 -121 43
5224	13 66 14 67
5232	44 54 45 55
5240	14 55 15 56
5244	27 55 28 56
5252	31 50 32 51
5256	-61 45 -60 46
5256	27 58 28 59
5260	168 -45 169 -44
5260	24 51 25 52
5264	-92 45 -91 46
5264	25 50 26 51
5268	-107 31 -106 32
5272	-78 41 -77 42
5272	175 -37 176 -36
5272	87 26 88 27
5276	96 21 97 22
5284	-69 47 -68 48
5300	85 26 86 27
5312	-99 50 -98 51
5312	43 44 44 45
5316	124 12 125 13
5320	29 55 30 56
5328	29 -5 30 -4
5328	39 64 40 65
5336	47 -22 48 -21
5336	81 7 82 8
5340	-85 9 -84 10
5348	-117 51 -116 52
5356	-94 49 -93 50
5368	-103 53 -102 54
5372	-10 30 -9 31
5380	-108 33 -107 34
5380	-8 38 -7 39
5384	34 45 35 46
5388	28 70 29 71
5392	-89 37 -88 38
5400	42 56 43 57
5408	-54 -27 -53 -26
5408	52 54 53 55
5416	-10 7 -9 8
5420	-93 38 -92 39
5424	-104 20 -103 21
5432	-121 34 -120 35
5432	56 54 57 55
5436	-80 32 -79 33
5440	27 42 28 43
5444	25 65 26 66
5444	83 53 84 54
5448	-95 44 -94 45
5452	-18 28 -17 29
5452	-56 49 -55 50
5452	120 31 121 32
5460	-101 25 -100 26
5460	-90 13 -89 14
5460	-94 34 -93 35
5460	28 45 29 46
5464	106 47 107 48
5472	-123 43 -122 44
5472	-135 60 -134 61
5472	-94 38 -93 39
5476	-82 31 -81 32
5476	119 -10 120 -9
5476	82 54 83 55
5480	-125 58 -124 59
5484	-61 -33 -60 -32
5484	12 60 13 61
5492	-125 54 -124 55
5496	-85 40 -84 41
5500	-112 45 -111 46
5500	-127 59 -126 60
5500	-137 61 -136 62
5500	-59 47 -58 48
5508	116 -32 117 -31
5520	-79 46 -78 47
5520	66 56 67 57
5536	-96 32 -95 33
5540	28 44 29 45
5540	34 60 35 61
5568	48 57 49 58
5572	-59 51 -58 52
5572	173 -43 174 -42
5580	22 62 23 63
5584	-64 46 -63 47
5588	-105 32 -104 33
5592	28 46 29 47
5600	-99 32 -98 33
5608	54 24 55 25
5612	-102 50 -101 51
5616	29 52 30 53
5620	-112 34 -111 35
5636	-115 62 -114 63
5636	-70 44 -69 45
5640	-105 50 -104 51
5640	-88 46 -87 47
5640	43 48 44 49
5644	-90 35 -89 36
5644	-97 30 -96 31
5652	10 42 11 43
5656	-80 42 -79 43
5660	-76 42 -75 43
5664	26 43 27 44
5668	3 41 4 42
5672	-113 36 -112 37
5672	-98 37 -97 38
5680	-110 38 -109 39
5680	127 26 128 27
5680	82 55 83 56
5684	-3 41 -2 42
5692	-79 41 -78 42
5696	-44 -20 -43 -19
5696	-63 52 -62 53
5696	-76 36 -75 37
5696	128 36 129 37
5700	-88 45 -87 46
5704	-91 43 -90 44
5708	-92 38 -91 39
5708	104 52 105 53
5716	-16 27 -15 28
5716	-94 46 -93 47
5720	-4 57 -3 58
5720	54 57 55 58
5724	8 41 9 42
5728	-68 45 -67 46
5748	-92 39 -91 40
5748	56 59 57 60
5752	28 57 29 58
5760	45 53 46 54
5780	-9 29 -8 30
5780	34 54 35 55
5792	10 33 11 34
5800	-124 50 -123 51
5800	-68 47 -67 48
5800	-9 51 -8 52
5804	5 36 6 37
5808	-89 40 -88 41
5808	28 59 29 60
5820	-89 35 -88 36
5824	-92 40 -91 41
5824	125 7 126 8
5828	-89 39 -88 40
5828	28 -27 29 -26
5828	33 -15 34 -14
5836	-68 53 -67 54
5836	-82 44 -81 45
5840	-81 27 -80 28
5844	-87 41 -86 42
5844	175 -42 176 -41
5860	-77 42 -76 43
5864	107 -7 108 -6
5868	-90 37 -89 38
5872	-65 54 -64 55
5872	20 43 21 44
5876	16 41 17 42
5876	35 56 36 57
5880	-86 36 -85 37
5880	47 55 48 56
5888	-123 44 -122 45
5888	-80 47 -79 48
5892	-5 39 -4 40
5892	29 53 30 54
5896	58 51 59 52
5900	-93 37 -92 38
5916	-98 31 -97 32
5916	32 66 33 67
5932	-96 39 -95 40
5932	143 44 144 45
5936	-96 38 -95 39
5944	-130 61 -129 62
5944	-99 51 -98 52
5968	17 61 18 62
5976	45 51 46 52
5980	13 59 14 60
5984	115 -32 116 -31
5984	43 55 44 56
5992	31 55 32 56
5996	-71 45 -70 46
6000	-6 41 -5 42
6000	32 39 33 40
6008	-87 32 -86 33
6016	-66 46 -65 47
6028	32 15 33 16
6028	33 49 34 50
6032	-6 50 -5 51
6032	28 41 29 42
6032	8 59 9 60
6040	-124 43 -123 44
6044	33 48 34 49
6048	-124 60 -123 61
6048	-87 12 -86 13
6052	-76 49 -75 50
6056	-120 49 -119 50
6068	56 58 57 59
6076	-13 9 -12 10
6076	0 38 1 39
6080	23 58 24 59
6088	145 -17 146 -16
6092	-82 38 -81 39
6092	21 63 22 64
6096	-115 51 -114 52
6096	-86 44 -85 45
6100	13 56 14 57
6100	170 -44 171 -43
6100	27 38 28 39
6108	-105 37 -104 38
6112	85 56 86 57
6124	-68 48 -67 49
6132	33 60 34 61
6132	55 57 56 58
6132	6 62 7 63
6136	24 50 25 51
6136	99 18 100 19
6140	-77 43 -76 44
6144	119 32 120 33
6148	24 61 25 62
6148	89 22 90 23
6156	-122 47 -121 48
6164	33 58 34 59
6168	-3 37 -2 38
6176	-59 52 -58 53
6180	34 61 35 62
6180	49 40 50 41
6184	-6 39 -5 40
6184	52 58 53 59
6188	-87 37 -86 38
6188	-89 45 -88 46
6188	59 56 60 57
6196	-78 43 -77 44
6196	-81 28 -80 29
6200	-9 12 -8 13
6212	-102 47 -101 48
6212	-6 54 -5 55
6216	119 -5 120 -4
6220	-62 54 -61 55
6228	31 30 32 31
6232	-49 -27 -48 -26
6232	46 51 47 52
6236	-70 47 -69 48
6240	-76 6 -75 7
6244	-81 39 -80 40
6248	-85 42 -84 43
6252	-3 39 -2 40
6252	-60 50 -59 51
6252	35 47 36 48
6252	69 60 70 61
6260	-126 58 -125 59
6260	18 -34 19 -33
6260	29 56 30 57
6264	-88 34 -87 35
6264	-90 44 -89 45
6264	32 48 33 49
6276	-72 44 -71 45
6280	-10 39 -9 40
6288	31 -4 32 -3
6296	-136 61 -135 62
6300	-120 52 -119 53
6300	72 23 73 24
6308	-64 52 -63 53
6308	39 53 40 54
6320	170 -46 171 -45
6328	19 41 20 42
6328	20 46 21 47
6332	-103 52 -102 53
6344	-87 35 -86 36
6348	-98 33 -97 34
6356	-99 19 -98 20
6356	23 41 24 42
6364	-83 29 -82 30
6364	40 40 41 41
6368	33 44 34 45
6380	65 57 66 58
6384	-2 40 -1 41
6384	35 52 36 53
6388	-95 29 -94 30
6388	129 32 130 33
6392	8 58 9 59
6396	-92 46 -91 47
6400	-71 47 -70 48
6400	-84 39 -83 40
6400	61 57 62 58
6404	174 -36 175 -35
6404	25 41 26 42
6424	-109 37 -108 38
6424	34 -19 35 -18
6428	-94 32 -93 33
6428	40 57 41 58
6432	-67 54 -66 55
6432	33 68 34 69
6444	-2 41 -1 42
6444	-86 50 -85 51
6456	-59 48 -58 49
6464	-95 35 -94 36
6464	123 13 124 14
6468	-4 39 -3 40
6480	-122 53 -121 54
6488	-10 52 -9 53
6488	-48 -23 -47 -22
6504	34 50 35 51
6508	-1 37 0 38
6512	-84 40 -83 41
6520	-101 51 -100 52
6520	25 -25 26 -24
6520	41 54 42 55
6528	-57 47 -56 48
6528	7 58 8 59
6528	98 18 99 19
6532	-124 53 -123 54
6532	-9 38 -8 39
6536	-62 15 -61 16
6536	52 55 53 56
6544	82 28 83 29
6552	-3 57 -2 58
6552	-63 54 -62 55
6560	16 57 17 58
6560	21 46 22 47
6564	15 57 16 58
6568	23 48 24 49
6572	-114 48 -113 49
6572	-91 14 -90 15
6576	30 56 31 57
6580	-96 49 -95 50
6580	21 54 22 55
6584	-96 36 -95 37
6584	-98 29 -97 30
6584	45 54 46 55
6584	53 56 54 57
6588	-125 47 -124 48
6600	22 63 23 64
6604	-92 31 -91 32
6604	26 59 27 60
6604	31 -26 32 -25
6612	22 56 23 57
6628	14 42 15 43
6632	30 40 31 41
6636	25 44 26 45
6644	-113 34 -112 35
6644	116 39 117 40
6644	120 -5 121 -4
6656	27 60 28 61
6664	-88 36 -87 37
6668	-97 47 -96 48
6676	16 60 17 61
6684	-98 20 -97 21
6692	-82 39 -81 40
6692	31 -18 32 -17
6700	-76 47 -75 48
6708	59 55 60 56
6716	35 55 36 56
6720	25 53 26 54
6724	-66 45 -65 46
6724	-9 30 -8 31
6736	-92 47 -91 48
6744	-92 41 -91 42
6752	-83 31 -82 32
6756	-81 41 -80 42
6756	17 45 18 46
6764	169 -45 170 -44
6768	172 -43 173 -42
6772	-14 9 -13 10
6772	38 58 39 59
6776	60 55 61 56
6780	50 58 51 59
6792	171 -43 172 -42
6796	-74 48 -73 49
6796	32 51 33 52
6804	-80 46 -79 47
6804	125 9 126 10
6804	14 66 15 67
6804	174 -40 175 -39
6808	-123 46 -122 47
6828	-117 44 -116 45
6832	31 52 32 53
6836	-122 56 -121 57
6836	-84 31 -83 32
6836	92 56 93 57
6840	-125 56 -124 57
6840	-79 -1 -78 0
6844	-125 49 -124 50
6848	106 10 107 11
6848	22 58 23 59
6856	-95 32 -94 33
6864	-74 43 -73 44
6864	-97 44 -96 45
6868	-115 48 -114 49
6872	-96 50 -95 51
6888	38 53 39 54
6888	6 61 7 62
6892	29 47 30 48
6900	-67 46 -66 47
6900	73 55 74 56
6912	-92 30 -91 31
6916	-88 37 -87 38
6916	29 62 30 63
6932	86 26 87 27
6944	-52 -30 -51 -29
6948	-68 54 -67 55
6952	-122 50 -121 51
6952	-5 53 -4 54
6956	24 41 25 42
6960	39 48 40 49
6972	27 62 28 63
6976	-85 36 -84 37
6992	-108 37 -107 38
7004	-80 38 -79 39
7020	60 57 61 58
7040	-121 59 -120 60
7056	-43 -23 -42 -22
7060	13 37 14 38
7064	-96 43 -95 44
7068	-96 34 -95 35
7076	127 35 128 36
7076	16 54 17 55
7080	4 36 5 37
7088	-113 35 -112 36
7088	-97 49 -96 50
7088	27 54 28 55
7116	27 46 28 47
7124	-1 41 0 42
7124	-93 40 -92 41
7132	-65 46 -64 47
7132	-69 49 -68 50
7144	43 54 44 55
7148	-112 41 -111 42
7152	-96 41 -95 42
7160	122 10 123 11
7172	12 61 13 62
7176	-66 53 -65 54
7180	74 62 75 63
7188	-96 44 -95 45
7192	16 56 17 57
7208	-118 35 -117 36
7208	-61 54 -60 55
7208	-89 44 -88 45
7212	-58 47 -57 48
7216	-73 7 -72 8
7220	23 44 24 45
7228	80 16 81 17
7232	26 50 27 51
7236	-95 30 -94 31
7240	-114 35 -113 36
7244	-72 47 -71 48
7244	24 42 25 43
7244	41 43 42 44
7252	-85 50 -84 51
7256	-111 32 -110 33
7256	-75 49 -74 50
7256	26 47 27 48
7260	143 42 144 43
7260	42 42 43 43
7264	79 7 80 8
7268	5 61 6 62
7276	-7 39 -6 40
7284	-75 48 -74 49
7284	42 54 43 55
7304	149 -36 150 -35
7304	40 45 41 46
7308	-91 45 -90 46
7320	-126 49 -125 50
7320	-64 53 -63 54
7324	-97 45 -96 46
7336	-6 32 -5 33
7336	39 50 40 51
7336	70 34 71 35
7348	-5 52 -4 53
7372	76 43 77 44
7376	-79 42 -78 43
7376	27 57 28 58
7384	-67 53 -66 54
7388	38 49 39 50
7400	-75 47 -74 48
7404	-94 30 -93 31
7408	-117 43 -116 44
7408	110 -7 111 -6
7416	-6 42 -5 43
7424	-130 59 -129 60
7432	-111 53 -110 54
7444	120 16 121 17
7448	172 -42 173 -41
7448	21 45 22 46
7460	34 -18 35 -17
7464	-95 47 -94 48
7472	-124 46 -123 47
7476	-69 48 -68 49
7484	-55 -27 -54 -26
7500	-86 41 -85 42
7500	72 54 73 55
7504	-88 33 -87 34
7504	15 54 16 55
7504	38 57 39 58
7508	128 35 129 36
7520	-107 40 -106 41
7520	-86 37 -85 38
7520	14 6 15 7
7520	22 44 23 45
7524	26 46 27 47
7540	-79 33 -78 34
7548	-74 47 -73 48
7560	-93 34 -92 35
7560	-96 47 -95 48
7560	29 9 30 10
7568	-5 56 -4 57
7572	-75 42 -74 43
7588	-95 43 -94 44
7592	-94 42 -93 43
7600	-97 40 -96 41
7604	11 64 12 65
7608	20 41 21 42
7620	-50 -26 -49 -25
7624	145 43 146 44
7628	22 39 23 40
7628	24 44 25 45
7644	-110 53 -109 54
7644	-2 12 -1 13
7668	-93 47 -92 48
7672	84 56 85 57
7676	52 52 53 53
7680	-12 8 -11 9
7688	34 -16 35 -15
7696	-79 43 -78 44
7696	38 47 39 48
7704	152 -28 153 -27
7708	-56 47 -55 48
7712	90 23 91 24
7716	18 45 19 46
7720	-115 50 -114 51
7724	150 -35 151 -34
7728	-77 45 -76 46
7736	15 56 16 57
7744	20 40 21 41
7772	-118 52 -117 53
7772	-99 49 -98 50
7776	-68 46 -67 47
7792	-73 44 -72 45
7792	-84 38 -83 39
7808	-91 44 -90 45
7816	-83 38 -82 39
7816	-86 32 -85 33
7836	-8 12 -7 13
7840	10 36 11 37
7844	-117 32 -116 33
7844	24 57 25 58
7848	20 47 21 48
7860	145 -39 146 -38
7864	22 41 23 42
7884	-66 43 -65 44
7884	-95 42 -94 43
7888	22 47 23 48
7912	-85 30 -84 31
7912	30 49 31 50
7916	-67 -18 -66 -17
7924	-99 30 -98 31
7928	-92 43 -91 44
7928	21 41 22 42
7952	8 11 9 12
7956	46 56 47 57
7960	14 36 15 37
7964	-13 8 -12 9
7964	16 58 17 59
7968	15 59 16 60
7988	48 54 49 55
7992	32 59 33 60
8000	-74 44 -73 45
8008	-12 7 -11 8
8012	167 -46 168 -45
8012	26 54 27 55
8012	40 47 41 48
8016	175 -39 176 -38
8024	-64 56 -63 57
8032	132 35 133 36
8052	48 58 49 59
8060	-103 47 -102 48
8060	39 55 40 56
8076	-93 30 -92 31
8076	18 -35 19 -34
8084	-82 50 -81 51
8084	-94 36 -93 37
8084	61 54 62 55
8092	-120 50 -119 51
8104	-77 46 -76 47
8128	-94 37 -93 38
8128	23 40 24 41
8148	32 0 33 1
8172	-97 34 -96 35
8188	13 58 14 59
8192	84 55 85 56
8196	-65 53 -64 54
8196	41 45 42 46
8200	-82 29 -81 30
8208	26 49 27 50
8216	39 56 40 57
8236	-97 36 -96 37
8244	-7 37 -6 38
8248	-101 49 -100 50
8248	-80 39 -79 40
8268	30 46 31 47
8276	101 3 102 4
8280	-73 48 -72 49
8280	3 39 4 40
8292	-121 53 -120 54
8292	-54 47 -53 48
8296	19 43 20 44
8300	-93 46 -92 47
8300	44 56 45 57
8316	-1 40 0 41
8316	34 53 35 54
8320	28 49 29 50
8340	9 42 10 43
8360	-83 39 -82 40
8364	-7 43 -6 44
8368	-63 53 -62 54
8372	-73 47 -72 48
8372	12 63 13 64
8380	30 54 31 55
8392	19 69 20 70
8396	22 42 23 43
8400	-123 42 -122 43
8400	18 42 19 43
8412	123 11 124 12
8412	22 37 23 38
8420	25 61 26 62
8424	-61 46 -60 47
8428	142 42 143 43
8440	47 56 48 57
8460	173 -42 174 -41
8464	-10 29 -9 30
8476	120 15 121 16
8492	29 61 30 62
8496	-59 53 -58 54
8496	48 55 49 56
8500	44 40 45 41
8508	-86 42 -85 43
8524	56 57 57 58
8532	-10 51 -9 52
8536	31 59 32 60
8564	-88 30 -87 31
8568	-77 47 -76 48
8572	-57 50 -56 51
8600	-116 36 -115 37
8604	19 45 20 46
8604	26 61 27 62
8620	16 38 17 39
8624	26 57 27 58
8628	16 59 17 60
8636	25 59 26 60
8636	61 56 62 57
8640	25 57 26 58
8644	-102 53 -101 54
8652	26 45 27 46
8660	80 12 81 13
8664	-5 51 -4 52
8668	9 60 10 61
8680	123 10 124 11
8680	70 52 71 53
8688	-6 36 -5 37
8688	-6 37 -5 38
8692	-93 43 -92 44
8696	-96 45 -95 46
8696	-96 46 -95 47
8700	14 59 15 60
8700	35 33 36 34
8704	38 51 39 52
8712	26 55 27 56
8720	-76 48 -75 49
8728	40 43 41 44
8732	-94 47 -93 48
8732	141 42 142 43
8744	134 33 135 34
8744	9 41 10 42
8756	22 45 23 46
8768	35 -16 36 -15
8768	7 59 8 60
8780	-82 40 -81 41
8780	19 46 20 47
8784	24 53 25 54
8792	21 40 22 41
8824	62 56 63 57
8828	-100 36 -99 37
8828	10 57 11 58
8828	21 56 22 57
8840	113 23 114 24
8852	21 42 22 43
8856	-107 35 -106 36
8868	-50 -27 -49 -26
8880	21 47 22 48
8884	-123 53 -122 54
8892	-8 37 -7 38
8904	-84 49 -83 50
8908	-81 33 -80 34
8928	28 -3 29 -2
8928	83 54 84 55
8940	-82 33 -81 34
8952	-57 51 -56 52
8952	73 19 74 20
8960	119 -4 120 -3
8964	-5 41 -4 42
8968	-3 40 -2 41
8972	49 55 50 56
8980	-77 35 -76 36
8996	177 -39 178 -38
8996	25 47 26 48
9012	20 39 21 40
9024	21 38 22 39
9048	-76 4 -75 5
9048	-84 37 -83 38
9060	2 39 3 40
9084	-7 40 -6 41
9084	176 -39 177 -38
9092	55 58 56 59
9112	-92 42 -91 43
9112	-99 35 -98 36
9116	-89 46 -88 47
9140	-3 38 -2 39
9144	-58 49 -57 50
9152	-70 48 -69 49
9156	35 51 36 52
9160	-85 49 -84 50
9180	27 61 28 62
9200	-120 39 -119 40
9204	-106 37 -105 38
9204	9 59 10 60
9228	-98 48 -97 49
9232	-64 55 -63 56
9232	121 31 122 32
9236	36 56 37 57
9240	28 -31 29 -30
9240	29 40 30 41
9268	-56 48 -55 49
9272	122 11 123 12
9276	-1 50 0 51
9292	-89 43 -88 44
9300	80 6 81 7
9320	28 47 29 48
9324	31 -28 32 -27
9352	-96 30 -95 31
9356	-1 54 0 55
9364	14 57 15 58
9384	-66 52 -65 53
9388	43 49 44 50
9408	-7 41 -6 42
9412	16 40 17 41
9432	-100 50 -99 51
9436	-123 48 -122 49
9440	-82 30 -81 31
9456	150 -34 151 -33
9456	25 62 26 63
9468	-114 52 -113 53
9504	-90 48 -89 49
9520	-62 45 -61 46
9528	38 45 39 46
9540	-117 33 -116 34
9540	-63 55 -62 56
9576	19 44 20 45
9584	173 -36 174 -35
9584	24 55 25 56
9588	30 -30 31 -29
9592	-83 49 -82 50
9600	-57 49 -56 50
9628	16 39 17 40
9636	2 36 3 37
9644	-55 48 -54 49
9644	124 -10 125 -9
9644	29 46 30 47
9664	19 54 20 55
9684	-72 52 -71 53
9704	124 10 125 11
9708	29 59 30 60
9716	27 43 28 44
9736	-94 50 -93 51
9756	39 54 40 55
9768	-87 36 -86 37
9768	29 60 30 61
9796	131 31 132 32
9812	-79 40 -78 41
9820	-65 45 -64 46
9820	24 49 25 50
9828	5 58 6 59
9844	-63 45 -62 46
9860	-2 37 -1 38
9860	22 40 23 41
9864	23 47 24 48
9872	80 7 81 8
9884	13 38 14 39
9892	172 -44 173 -43
9896	49 53 50 54
9900	-95 41 -94 42
9924	-82 32 -81 33
9928	-124 39 -123 40
9932	6 58 7 59
9944	-105 38 -104 39
9968	30 52 31 53
9984	-73 43 -72 44
9984	26 48 27 49
10020	-4 41 -3 42
10020	-82 48 -81 49
10020	118 -9 119 -8
10036	-124 44 -123 45
10040	-65 52 -64 53
10040	-87 46 -86 47
10056	-95 38 -94 39
10072	39 43 40 44
10080	-83 32 -82 33
10080	-93 50 -92 51
10084	-84 36 -83 37
10084	100 -1 101 0
10108	-119 33 -118 34
10124	-55 47 -54 48
10132	-81 42 -80 43
10144	-82 43 -81 44
10164	175 -38 176 -37
10192	-86 49 -85 50
10196	135 33 136 34
10228	-117 50 -116 51
10236	-82 37 -81 38
10240	-93 41 -92 42
10240	24 45 25 46
10256	140 41 141 42
10280	34 44 35 45
10284	-84 41 -83 42
10292	-102 51 -101 52
10296	-87 50 -86 51
10312	-98 36 -97 37
10316	-8 52 -7 53
10316	-85 46 -84 47
10320	22 60 23 61
10324	21 61 22 62
10348	11 42 12 43
10364	-4 54 -3 55
10372	18 69 19 70
10388	-5 37 -4 38
10396	-81 45 -80 46
10400	38 54 39 55
10448	-102 54 -101 55
10448	33 47 34 48
10452	20 42 21 43
10472	-100 49 -99 50
10476	-124 47 -123 48
10496	-94 31 -93 32
10532	-83 40 -82 41
10556	12 58 13 59
10596	-97 33 -96 34
10608	-64 54 -63 55
10624	-72 48 -71 49
10636	-90 45 -89 46
10652	175 -40 176 -39
10664	-123 50 -122 51
10664	17 40 18 41
10664	18 4 19 5
10668	-109 38 -108 39
10668	0 40 1 41
10668	37 54 38 55
10700	-124 45 -123 46
10700	27 -31 28 -30
10704	25 42 26 43
10732	23 51 24 52
10748	15 60 16 61
10764	139 38 140 39
10768	-119 36 -118 37
10772	-71 46 -70 47
10772	-81 44 -80 45
10780	8 62 9 63
10788	-76 44 -75 45
10788	-77 41 -76 42
10800	-86 35 -85 36
10808	-2 39 -1 40
10816	-71 48 -70 49
10828	175 -41 176 -40
10864	-121 40 -120 41
10896	-125 48 -124 49
10896	126 37 127 38
10900	-7 42 -6 43
10908	-84 50 -83 51
10920	-61 14 -60 15
10932	-95 46 -94 47
10952	-5 36 -4 37
10960	29 -30 30 -29
10972	59 35 60 36
10976	-2 55 -1 56
10976	-5 57 -4 58
10984	-83 48 -82 49
10988	-75 4 -74 5
11004	-109 39 -108 40
11012	-71 52 -70 53
11036	-91 40 -90 41
11044	-83 50 -82 51
11072	-88 50 -87 51
11072	22 48 23 49
11076	72 19 73 20
11092	-124 54 -123 55
11096	-98 49 -97 50
11096	35 48 36 49
11108	73 54 74 55
11120	-87 34 -86 35
11132	-58 48 -57 49
11140	-6 57 -5 58
11148	15 44 16 45
11164	7 61 8 62
11176	-83 37 -82 38
11196	24 58 25 59
11200	-99 36 -98 37
11216	1 6 2 7
11216	176 -40 177 -39
11220	-121 49 -120 50
11224	120 22 121 23
11228	21 55 22 56
11240	14 10 15 11
11248	113 22 114 23
11260	25 46 26 47
11280	-122 55 -121 56
11284	-123 54 -122 55
11292	44 41 45 42
11300	24 47 25 48
11308	23 56 24 57
11312	-5 42 -4 43
11316	23 52 24 53
11328	23 37 24 38
11336	49 58 50 59
11348	127 37 128 38
11356	32 2 33 3
11364	-123 39 -122 40
11368	-86 39 -85 40
11368	-97 41 -96 42
11372	-122 49 -121 50
11372	-92 44 -91 45
11404	124 11 125 12
11408	-74 46 -73 47
11424	55 25 56 26
11432	9 61 10 62
11436	6 59 7 60
11440	-22 64 -21 65
11472	174 -42 175 -41
11492	142 44 143 45
11496	15 38 16 39
11504	100 13 101 14
11512	21 39 22 40
11524	37 56 38 57
11528	-101 54 -100 55
11556	-95 45 -94 46
11560	-87 49 -86 50
11572	-78 45 -77 46
11576	21 53 22 54
11620	-99 47 -98 48
11652	-108 38 -107 39
11652	38 52 39 53
11660	69 41 70 42
11720	-121 56 -120 57
11720	-81 25 -80 26
11736	37 44 38 45
11744	-95 36 -94 37
11748	24 54 25 55
11756	-73 19 -72 20
11776	140 42 141 43
11792	-9 52 -8 53
11804	-107 37 -106 38
11812	50 53 51 54
11820	-116 50 -115 51
11820	-122 41 -121 42
11844	-2 42 -1 43
11860	121 25 122 26
11864	-64 45 -63 46
11872	121 24 122 25
11872	22 54 23 55
11884	-100 19 -99 20
11892	-124 55 -123 56
11896	-4 37 -3 38
11904	-56 -28 -55 -27
11944	30 53 31 54
11968	36 50 37 51
11976	-120 34 -119 35
11976	11 54 12 55
11980	-76 41 -75 42
11996	-121 54 -120 55
12008	-81 48 -80 49
12020	-72 45 -71 46
12032	-81 49 -80 50
12032	3 36 4 37
12036	127 36 128 37
12068	-62 10 -61 11
12076	-93 45 -92 46
12080	-123 56 -122 57
12088	-79 39 -78 40
12096	11 4 12 5
12120	15 58 16 59
12128	17 54 18 55
12152	-7 52 -6 53
12156	36 49 37 50
12204	-78 34 -77 35
12236	-81 34 -80 35
12252	22 52 23 53
12260	-5 43 -4 44
12316	18 44 19 45
12324	29 -4 30 -3
12328	-95 49 -94 50
12336	22 46 23 47
12348	-81 50 -80 51
12352	-78 40 -77 41
12356	41 44 42 45
12364	-8 39 -7 40
12400	-83 42 -82 43
12416	-14 8 -13 9
12428	25 55 26 56
12500	47 58 48 59
12516	14 56 15 57
12596	17 62 18 63
12612	-124 56 -123 57
12628	-76 46 -75 47
12628	-91 41 -90 42
12632	23 55 24 56
12652	-71 43 -70 44
12656	61 55 62 56
12688	-84 48 -83 49
12704	-76 38 -75 39
12704	23 45 24 46
12724	20 54 21 55
12732	39 45 40 46
12772	36 54 37 55
12780	55 -21 56 -20
12784	-57 48 -56 49
12788	-83 33 -82 34
12796	-80 33 -79 34
12812	12 56 13 57
12812	13 43 14 44
12816	3 42 4 43
12836	8 54 9 55
12868	18 46 19 47
12880	-107 36 -106 37
12884	-82 49 -81 50
12900	-121 50 -120 51
12904	-72 43 -71 44
12904	-9 54 -8 55
12944	-2 38 -1 39
12960	39 52 40 53
12964	-75 46 -74 47
12992	-122 54 -121 55
13052	-90 46 -89 47
13064	74 42 75 43
13072	-91 42 -90 43
13116	-98 46 -97 47
13132	-6 56 -5 57
13132	8 61 9 62
13136	8 63 9 64
13140	-57 -35 -56 -34
13184	-82 26 -81 27
13188	-90 43 -89 44
13204	138 -35 139 -34
13208	-9 7 -8 8
13228	-11 8 -10 9
13256	7 62 8 63
13272	112 -9 113 -8
13280	153 -28 154 -27
13288	-83 28 -82 29
13296	142 43 143 44
13332	-106 38 -105 39
13412	-66 44 -65 45
13416	-9 37 -8 38
13420	27 47 28 48
13444	24 46 25 47
13448	-121 36 -120 37
13456	-118 34 -117 35
13472	103 1 104 2
13536	-85 32 -84 33
13596	80 13 81 14
13608	-87 33 -86 34
13624	-41 -21 -40 -20
13632	-7 54 -6 55
13656	18 52 19 53
13684	9 62 10 63
13696	-8 53 -7 54
13832	-8 43 -7 44
13836	-88 42 -87 43
13840	7 60 8 61
13900	13 54 14 55
13924	29 -2 30 -1
13952	36 55 37 56
14016	11 58 12 59
14120	73 61 74 62
14148	-95 57 -94 58
14164	11 61 12 62
14176	151 -34 152 -33
14184	25 58 26 59
14192	-89 42 -88 43
14200	9 57 10 58
14244	-3 50 -2 51
14248	31 -27 32 -26
14264	11 62 12 63
14276	37 48 38 49
14284	-82 42 -81 43
14304	-8 41 -7 42
14336	38 48 39 49
14392	16 53 17 54
14420	-85 37 -84 38
14440	22 38 23 39
14460	-90 42 -89 43
14468	-90 31 -89 32
14512	24 48 25 49
14524	-64 44 -63 45
14540	-62 14 -61 15
14548	-8 54 -7 55
14576	146 -42 147 -41
14584	-98 32 -97 33
14592	39 57 40 58
14648	-101 50 -100 51
14664	-5 50 -4 51
14668	13 42 14 43
14684	28 60 29 61
14692	-82 34 -81 35
14696	141 38 142 39
14736	37 47 38 48
14772	22 55 23 56
14788	-9 43 -8 44
14804	-3 46 -2 47
14844	-5 47 -4 48
14844	35 50 36 51
14848	13 41 14 42
14864	30 55 31 56
14872	-121 38 -120 39
14900	-88 49 -87 50
14932	17 53 18 54
14944	23 42 24 43
14964	37 51 38 52
14976	-112 40 -111 41
14992	-108 39 -107 40
15000	39 44 40 45
15004	-87 51 -86 52
15020	8 55 9 56
15036	-6 40 -5 41
15056	17 52 18 53
15064	18 43 19 44
15064	77 13 78 14
15100	-107 38 -106 39
15140	14 40 15 41
15168	17 46 18 47
15184	34 48 35 49
15192	23 46 24 47
15200	120 23 121 24
15232	-4 56 -3 57
15236	16 44 17 45
15268	-9 53 -8 54
15272	23 49 24 50
15324	34 32 35 33
15324	8 60 9 61
15340	-85 47 -84 48
15360	-80 45 -79 46
15388	-82 41 -81 42
15396	144 -38 145 -37
15412	-124 42 -123 43
15412	143 43 144 44
15420	-92 48 -91 49
15432	-4 52 -3 53
15476	31 4 32 5
15516	-94 45 -93 46
15596	-119 37 -118 38
15612	25 45 26 46
15644	26 44 27 45
15668	-80 40 -79 41
15668	144 -39 145 -38
15740	22 53 23 54
15780	11 59 12 60
15784	38 44 39 45
15808	-86 48 -85 49
15812	-95 39 -94 40
15824	-124 48 -123 49
15856	-86 33 -85 34
15868	-67 45 -66 46
15900	-122 40 -121 41
15924	-65 44 -64 45
15944	114 22 115 23
15964	-88 51 -87 52
15964	6 60 7 61
15972	-73 46 -72 47
15984	18 39 19 40
15988	-81 37 -80 38
15992	129 33 130 34
16024	28 61 29 62
16036	-100 48 -99 49
16036	-6 43 -5 44
16068	-99 29 -98 30
16180	15 53 16 54
16196	25 49 26 50
16208	-8 42 -7 43
16244	-123 38 -122 39
16248	120 24 121 25
16260	-121 41 -120 42
16296	-81 26 -80 27
16352	26 58 27 59
16360	133 35 134 36
16388	20 53 21 54
16404	25 48 26 49
16420	-79 45 -78 46
16432	-10 53 -9 54
16456	10 61 11 62
16472	-44 -23 -43 -22
16536	-97 32 -96 33
16560	-133 53 -132 54
16572	-75 45 -74 46
16672	23 61 24 62
16716	-1 39 0 40
16716	-11 6 -10 7
16788	-73 45 -72 46
16812	-54 -30 -53 -29
16816	-83 27 -82 28
16816	-97 46 -96 47
16832	-98 47 -97 48
16896	-79 34 -78 35
16912	-5 40 -4 41
16920	9 63 10 64
16968	-8 40 -7 41
17128	39 47 40 48
17136	116 -9 117 -8
17148	-84 46 -83 47
17156	23 54 24 55
17164	-90 41 -89 42
17180	-85 35 -84 36
17208	-81 40 -80 41
17216	-89 41 -88 42
17232	19 53 20 54
17256	39 51 40 52
17396	10 56 11 57
17404	5 59 6 60
17408	-2 44 -1 45
17448	26 60 27 61
17460	-71 -34 -70 -33
17460	-96 35 -95 36
17484	20 44 21 45
17560	60 56 61 57
17584	-91 31 -90 32
17588	-10 38 -9 39
17600	145 -38 146 -37
17628	83 27 84 28
17632	84 28 85 29
17716	-85 48 -84 49
17792	-17 28 -16 29
17796	8 40 9 41
17884	17 44 18 45
17916	19 52 20 53
17920	9 40 10 41
17992	-122 39 -121 40
18008	-91 30 -90 31
18008	2 51 3 52
18012	30 60 31 61
18020	-87 39 -86 40
18096	-93 31 -92 32
18104	15 40 16 41
18124	27 -12 28 -11
18160	-79 38 -78 39
18184	11 57 12 58
18212	-78 35 -77 36
18248	23 53 24 54
18272	-82 47 -81 48
18272	144 43 145 44
18408	44 48 45 49
18416	17 43 18 44
18456	-59 -35 -58 -34
18488	36 51 37 52
18564	136 36 137 37
18576	-99 48 -98 49
18604	83 28 84 29
18612	43 56 44 57
18620	12 57 13 58
18692	40 64 41 65
18704	12 53 13 54
18800	-124 41 -123 42
18856	19 42 20 43
18868	-106 40 -105 41
18900	-73 18 -72 19
18988	-4 43 -3 44
18996	-112 33 -111 34
19072	-81 47 -80 48
19100	-93 44 -92 45
19120	141 40 142 41
19188	25 54 26 55
19200	16 43 17 44
19216	-79 37 -78 38
19220	-73 41 -72 42
19344	14 41 15 42
19412	-72 -34 -71 -33
19512	-123 41 -122 42
19516	-4 42 -3 43
19564	9 39 10 40
19588	-80 34 -79 35
19600	131 34 132 35
19640	-9 39 -8 40
19680	-113 33 -112 34
19720	17 47 18 48
19748	35 32 36 33
19760	-9 40 -8 41
19772	-83 47 -82 48
19780	-121 37 -120 38
19800	38 56 39 57
19804	-121 55 -120 56
19812	-124 40 -123 41
19840	1 51 2 52
19856	-78 44 -77 45
19896	73 18 74 19
19928	24 56 25 57
19944	-3 54 -2 55
19976	28 -29 29 -28
19988	-77 44 -76 45
20016	-89 30 -88 31
20016	24 59 25 60
20028	-81 32 -80 33
20080	-91 38 -90 39
20084	10 60 11 61
20112	133 33 134 34
20140	-107 39 -106 40
20180	40 56 41 57
20364	-77 40 -76 41
20496	-3 42 -2 43
20576	-5 55 -4 56
20604	23 38 24 39
20608	-86 34 -85 35
20644	35 31 36 32
20656	-75 39 -74 40
20664	138 34 139 35
20804	14 37 15 38
20824	8 39 9 40
20872	11 55 12 56
20884	15 37 16 38
20896	-84 35 -83 36
21072	8 56 9 57
21160	12 54 13 55
21196	20 51 21 52
21224	-83 36 -82 37
21228	-118 32 -117 33
21380	11 60 12 61
21520	15 41 16 42
21604	131 33 132 34
21788	-80 44 -79 45
21788	0 41 1 42
21792	-122 36 -121 37
21824	137 36 138 37
21908	23 50 24 51
21972	30 50 31 51
22040	-121 39 -120 40
22064	-75 41 -74 42
22176	-119 35 -118 36
22196	13 53 14 54
22224	27 53 28 54
22252	-91 29 -90 30
22272	137 34 138 35
22420	-1 42 0 43
22448	-72 46 -71 47
22484	134 35 135 36
22540	-79 44 -78 45
22564	-105 39 -104 40
22720	16 45 17 46
22728	12 52 13 53
22756	-120 37 -119 38
22784	-78 36 -77 37
22884	140 40 141 41
22976	16 52 17 53
23004	-2 45 -1 46
23008	131 32 132 33
23032	-84 47 -83 48
23100	15 45 16 46
23112	-84 32 -83 33
23400	-85 38 -84 39
23408	-3 55 -2 56
23460	-124 49 -123 50
23476	138 37 139 38
23536	9 56 10 57
23556	-3 43 -2 44
23652	86 27 87 28
23732	119 -6 120 -5
23760	-82 36 -81 37
23900	-82 35 -81 36
24056	-82 46 -81 47
24124	135 35 136 36
24164	10 55 11 56
24224	-74 42 -73 43
24248	-83 46 -82 47
24260	141 43 142 44
24308	21 51 22 52
24340	-106 39 -105 40
24356	-83 35 -82 36
24400	-123 40 -122 41
24400	-90 40 -89 41
24532	112 -8 113 -7
24580	14 52 15 53
24608	20 48 21 49
24632	-81 46 -80 47
24752	-62 16 -61 17
24808	-74 41 -73 42
24820	-47 -24 -46 -23
24872	10 62 11 63
24936	-123 49 -122 50
25000	-4 50 -3 51
25224	11 53 12 54
25272	-2 54 -1 55
25456	-122 38 -121 39
25472	11 63 12 64
25540	-123 55 -122 56
25552	18 51 19 52
25632	10 54 11 55
25660	130 31 131 32
25740	40 44 41 45
25804	140 39 141 40
25932	18 40 19 41
25988	141 39 142 40
26116	5 60 6 61
26128	132 33 133 34
26148	-78 37 -77 38
26224	12 42 13 43
26228	5 48 6 49
26312	10 63 11 64
26360	55 -22 56 -21
26464	-81 43 -80 44
26472	15 52 16 53
26488	-83 34 -82 35
26556	-80 37 -79 38
26596	21 50 22 51
26700	12 41 13 42
26860	16 46 17 47
27052	-80 35 -79 36
27196	15 51 16 52
27220	-78 39 -77 40
27276	28 -30 29 -29
27420	34 31 35 32
27444	-96 29 -95 30
27516	-97 35 -96 36
27768	-84 34 -83 35
27852	-120 36 -119 37
27916	0 42 1 43
27944	-77 38 -76 39
28080	-9 42 -8 43
28128	136 34 137 35
28192	39 -7 40 -6
28240	-84 33 -83 34
28372	4 47 5 48
28408	13 55 14 56
28484	19 47 20 48
28640	-1 38 0 39
28648	22 51 23 52
28752	4 48 5 49
28776	-76 40 -75 41
28880	-120 35 -119 36
29108	-76 45 -75 46
29120	-2 50 -1 51
29128	21 52 22 53
29184	-4 53 -3 54
29236	12 43 13 44
29240	-94 44 -93 45
29244	21 48 22 49
29304	27 -30 28 -29
29584	-79 36 -78 37
29612	121 14 122 15
29612	77 12 78 13
29744	-94 41 -93 42
29772	-81 36 -80 37
30060	10 46 11 47
30288	-7 53 -6 54
30348	8 46 9 47
30400	4 49 5 50
30712	-72 41 -71 42
30728	18 53 19 54
30788	120 14 121 15
30836	38 55 39 56
30868	106 -7 107 -6
30944	19 48 20 49
31056	1 42 2 43
31068	22 50 23 51
31084	-90 30 -89 31
31220	-2 49 -1 50
31280	-80 36 -79 37
31296	18 47 19 48
31792	12 44 13 45
31944	130 32 131 33
31960	19 51 20 52
32024	174 -37 175 -36
32064	-1 49 0 50
32276	-98 35 -97 36
32292	25 60 26 61
32328	-1 52 0 53
32472	-90 29 -89 30
32484	77 28 78 29
32624	-4 51 -3 52
32752	-121 35 -120 36
32804	2 46 3 47
33124	3 44 4 45
33252	14 53 15 54
33272	18 54 19 55
33296	5 49 6 50
33448	-74 45 -73 46
33584	140 38 141 39
33592	22 49 23 50
33604	-76 39 -75 40
33632	6 44 7 45
33852	-85 39 -84 40
33860	-82 28 -81 29
33904	-9 41 -8 42
33932	140 35 141 36
34056	7 53 8 54
34104	20 52 21 53
34264	-2 51 -1 52
34332	140 36 141 37
34364	-77 37 -76 38
34372	9 4 10 5
34412	2 45 3 46
34420	-84 42 -83 43
34464	-4 55 -3 56
34592	-85 34 -84 35
34776	18 59 19 60
34812	-67 18 -66 19
34912	3 48 4 49
35088	134 34 135 35
35120	88 22 89 23
35224	11 3 12 4
35224	110 -8 111 -7
35572	139 37 140 38
35596	14 47 15 48
35684	20 50 21 51
35820	1 52 2 53
35848	30 59 31 60
35936	-4 47 -3 48
35960	10 43 11 44
35976	17 59 18 60
35996	11 52 12 53
36124	16 51 17 52
36324	133 34 134 35
36428	0 52 1 53
36524	10 5 11 6
36628	84 27 85 28
36748	11 43 12 44
37012	21 49 22 50
37624	137 35 138 36
37788	2 41 3 42
38024	-114 53 -113 54
38052	3 47 4 48
38112	138 36 139 37
38380	17 50 18 51
38760	1 50 2 51
39160	2 47 3 48
39424	78 17 79 18
39836	9 46 10 47
40024	-122 37 -121 38
40100	-119 34 -118 35
40328	3 46 4 47
40372	10 51 11 52
41264	-1 53 0 54
41576	-3 52 -2 53
41764	132 34 133 35
42044	5 44 6 45
42312	1 41 2 42
42564	14 45 15 46
42612	16 47 17 48
42612	17 51 18 52
42844	5 47 6 48
43252	14 51 15 52
43500	24 60 25 61
43560	18 48 19 49
43896	1 46 2 47
44036	130 33 131 34
44088	-118 33 -117 34
44200	-4 40 -3 41
44300	-81 35 -80 36
44332	15 48 16 49
44572	5 53 6 54
45088	9 54 10 55
45432	139 36 140 37
45480	7 45 8 46
45500	20 49 21 50
46436	9 55 10 56
46544	0 44 1 45
46672	140 37 141 38
46684	-2 43 -1 44
47176	3 49 4 50
47616	-3 51 -2 52
48256	-79 35 -78 36
48612	1 47 2 48
48672	0 48 1 49
48784	0 49 1 50
48840	1 48 2 49
49248	10 59 11 60
49296	0 45 1 46
49340	11 51 12 52
49500	7 43 8 44
50120	7 44 8 45
50148	1 44 2 45
50364	-77 36 -76 37
50440	-71 42 -70 43
50476	138 35 139 36
51308	1 45 2 46
51608	12 46 13 47
52244	-5 48 -4 49
53580	14 46 15 47
53856	-78 38 -77 39
54268	-73 42 -72 43
54656	-3 48 -2 49
54836	10 50 11 51
55048	12 55 13 56
55640	12 49 13 50
55740	2 44 3 45
55796	-86 38 -85 39
55980	-1 48 0 49
55980	12 51 13 52
56020	15 46 16 47
56280	-123 47 -122 48
56408	6 45 7 46
56476	-4 48 -3 49
58428	8 44 9 45
58460	0 51 1 52
58704	136 35 137 36
60188	12 48 13 49
60204	10 52 11 53
60312	0 46 1 47
60648	13 51 14 52
61044	19 49 20 50
61164	-71 41 -70 42
61576	2 42 3 43
61828	2 43 3 44
62152	6 47 7 48
62940	17 48 18 49
63052	15 47 16 48
63104	-3 53 -2 54
63456	1 49 2 50
63536	-75 40 -74 41
63812	8 45 9 46
64028	11 50 12 51
64164	8 53 9 54
64304	9 52 10 53
64864	11 44 12 45
64872	-1 43 0 44
65216	6 48 7 49
65464	18 50 19 51
65708	-1 45 0 46
65800	10 47 11 48
65836	4 43 5 44
66304	-85 33 -84 34
66420	3 51 4 52
66764	11 46 12 47
66860	9 53 10 54
67280	11 47 12 48
67280	7 52 8 53
67404	0 43 1 44
67432	12 47 13 48
67660	10 45 11 46
67888	13 47 14 48
68344	10 49 11 50
68348	3 45 4 46
68380	5 46 6 47
68400	-80 43 -79 44
69108	-1 44 0 45
69712	6 43 7 44
70680	-98 30 -97 31
71104	16 50 17 51
71524	9 51 10 52
72176	10 44 11 45
72708	85 27 86 28
72800	9 44 10 45
73144	10 53 11 54
74756	9 50 10 51
74988	7 49 8 50
75192	37 55 38 56
75372	7 46 8 47
75608	13 48 14 49
75708	-3 47 -2 48
75812	-123 45 -122 46
75948	13 45 14 46
76768	10 48 11 49
77636	19 50 20 51
77664	12 50 13 51
78260	-123 37 -122 38
80320	-2 53 -1 54
80452	-88 41 -87 42
80496	-1 47 0 48
80724	0 47 1 48
81280	13 46 14 47
82152	135 34 136 35
82340	3 43 4 44
83268	-1 46 0 47
83272	-74 40 -73 41
83328	13 49 14 50
84028	13 50 14 51
84212	4 46 5 47
84508	11 49 12 50
85380	8 52 9 53
85948	6 53 7 54
86184	9 49 10 50
86600	-2 48 -1 49
89648	4 44 5 45
89768	2 49 3 50
89908	17 49 18 50
92024	9 47 10 48
93712	16 48 17 49
93904	-77 39 -76 40
94960	5 50 6 51
95704	-2 46 -1 47
95876	6 49 7 50
97064	15 49 16 50
98412	6 46 7 47
98596	14 48 15 49
98688	15 50 16 51
101464	16 49 17 50
102384	14 49 15 50
102892	4 50 5 51
103056	8 51 9 52
103620	8 48 9 49
104096	5 45 6 46
104240	-2 52 -1 53
104632	13 52 14 53
104676	18 49 19 50
105672	12 45 13 46
106048	9 45 10 46
107184	7 50 8 51
108972	1 43 2 44
109264	-1 51 0 52
109968	-2 47 -1 48
112572	11 48 12 49
115312	2 50 3 51
119068	139 35 140 36
120360	8 50 9 51
124448	7 47 8 48
126760	9 48 10 49
128392	14 50 15 51
129312	6 50 7 51
129888	7 48 8 49
132700	8 47 9 48
136204	4 45 5 46
140184	8 49 9 50
141212	5 43 6 44
141492	11 45 12 46
149624	3 50 4 51
173968	-72 42 -71 43
219348	6 52 7 53
228264	5 52 6 53
246184	4 52 5 53
247636	7 51 8 52
261656	4 51 5 52
268712	2 48 3 49
269724	6 51 7 52
306260	5 51 6 52
