744	-71 82 -70 83
812	-75 82 -74 83
824	-113 51 -112 52
840	-70 82 -69 83
840	44 32 45 33
852	-73 82 -72 83
852	-89 20 -88 21
860	-109 59 -108 60
880	-116 54 -115 55
880	-121 43 -120 44
880	-50 -15 -49 -14
884	-155 56 -154 57
888	-69 82 -68 83
892	-165 54 -164 55
904	-113 49 -112 50
904	-76 82 -75 83
908	36 64 37 65
912	98 7 99 8
916	-74 -43 -73 -42
928	-57 -27 -56 -26
928	-76 8 -75 9
928	-86 47 -85 48
932	-49 -26 -48 -25
932	-69 -39 -68 -38
932	-75 8 -74 9
936	-65 -33 -64 -32
936	15 55 16 56
936	36 59 37 60
948	57 61 58 62
948	76 15 77 16
952	-118 43 -117 44
952	-119 59 -118 60
956	-72 -30 -71 -29
956	-78 3 -77 4
956	-94 16 -93 17
956	3 7 4 8
960	72 55 73 56
964	-60 -28 -59 -27
968	-4 35 -3 36
968	-70 12 -69 13
968	-89 21 -88 22
968	-90 21 -89 22
968	129 41 130 42
968	35 30 36 31
968	47 61 48 62
972	25 31 26 32
972	76 13 77 14
976	-57 -16 -56 -15
976	-81 -1 -80 0
980	25 -25 26 -24
984	-69 -32 -68 -31
984	152 -26 153 -25
984	76 14 77 15
988	-49 -2 -48 -1
992	-47 -22 -46 -21
992	-74 -41 -73 -40
992	-98 18 -97 19
996	-80 22 -79 23
996	150 -36 151 -35
996	69 34 70 35
1000	100 17 101 18
1000	47 52 48 53
1000	77 43 78 44
1004	-114 49 -113 50
1004	31 47 32 48
1004	78 29 79 30
1008	-72 10 -71 11
1008	-99 18 -98 19
1008	112 23 113 24
1008	139 40 140 41
1008	57 65 58 66
1012	-108 46 -107 47
1012	95 56 96 57
1016	-76 2 -75 3
1016	31 69 32 70
1016	50 55 51 56
1020	125 43 126 44
1024	-7 62 -6 63
1028	-43 -20 -42 -19
1028	-88 48 -87 49
1028	-92 14 -91 15
1032	14 67 15 68
1032	41 47 42 48
1040	-104 58 -103 59
1040	-14 29 -13 30
1040	1 38 2 39
1040	40 49 41 50
1040	41 58 42 59
1040	45 43 46 44
1044	-50 -29 -49 -28
1044	-80 8 -79 9
1044	119 25 120 26
1044	34 47 35 48
1044	97 16 98 17
1048	-10 42 -9 43
1048	-65 -15 -64 -14
1048	-71 9 -70 10
1048	26 -30 27 -29
1048	29 -3 30 -2
1048	47 29 48 30
1048	8 34 9 35
1052	-113 32 -112 33
1052	-81 22 -80 23
1052	138 -34 139 -33
1052	140 51 141 52
1052	19 -34 20 -33
1052	74 16 75 17
1056	147 -36 148 -35
1056	45 61 46 62
1056	51 54 52 55
1056	74 20 75 21
1064	-73 -42 -72 -41
1064	-74 -38 -73 -37
1064	27 -30 28 -29
1068	-103 21 -102 22
1068	-5 33 -4 34
1068	110 1 111 2
1068	2 9 3 10
1068	9 4 10 5
1072	-78 -10 -77 -9
1072	34 39 35 40
1072	80 12 81 13
1076	41 53 42 54
1080	-75 9 -74 10
1080	22 -34 23 -33
1080	64 57 65 58
1080	72 23 73 24
1080	99 12 100 13
1084	-52 -28 -51 -27
1084	35 0 36 1
1084	35 63 36 64
1084	44 39 45 40
1088	101 13 102 14
1088	118 31 119 32
1088	142 -38 143 -37
1092	-103 38 -102 39
1092	124 7 125 8
1092	26 52 27 53
1092	52 29 53 30
1096	-103 40 -102 41
1096	-3 35 -2 36
1096	20 -35 21 -34
1096	64 60 65 61
1100	-113 52 -112 53
1100	-120 43 -119 44
1100	-36 -8 -35 -7
1100	-45 -21 -44 -20
1100	-96 56 -95 57
1100	43 52 44 53
1104	-112 61 -111 62
1108	-4 34 -3 35
1108	-51 -23 -50 -22
1108	108 34 109 35
1108	116 23 117 24
1108	23 39 24 40
1108	55 52 56 53
1108	60 53 61 54
1112	-162 66 -161 67
1112	-4 16 -3 17
1112	139 -35 140 -34
1112	9 62 10 63
1116	-48 -21 -47 -20
1116	-61 -65 -60 -64
1116	36 40 37 41
1120	-105 36 -104 37
1120	-44 -22 -43 -21
1120	-71 8 -70 9
1120	-73 -41 -72 -40
1124	-152 59 -151 60
1124	-18 32 -17 33
1124	141 37 142 38
1124	86 26 87 27
1128	-106 52 -105 53
1128	-121 45 -120 46
1128	120 29 121 30
1128	34 36 35 37
1128	35 41 36 42
1128	44 43 45 44
1128	73 22 74 23
1132	-1 16 0 17
1132	-36 -10 -35 -9
1132	-83 9 -82 10
1132	164 -21 165 -20
1132	30 -26 31 -25
1132	40 65 41 66
1132	56 67 57 68
1136	-113 53 -112 54
1136	-95 53 -94 54
1136	95 17 96 18
1140	-130 55 -129 56
1140	-87 44 -86 45
1140	103 14 104 15
1140	33 50 34 51
1140	74 14 75 15
1144	46 55 47 56
1144	73 17 74 18
1144	93 55 94 56
1144	96 20 97 21
1148	-103 36 -102 37
1148	-112 31 -111 32
1148	103 15 104 16
1148	30 31 31 32
1148	51 52 52 53
1148	60 59 61 60
1148	96 22 97 23
1152	35 34 36 35
1156	-103 35 -102 36
1156	0 35 1 36
1156	14 68 15 69
1156	84 53 85 54
1160	-128 55 -127 56
1160	-51 -30 -50 -29
1160	-67 -69 -66 -68
1160	-69 10 -68 11
1160	103 19 104 20
1160	144 13 145 14
1160	148 -36 149 -35
1160	38 39 39 40
1164	34 28 35 29
1164	46 41 47 42
1168	-107 69 -106 70
1168	-132 59 -131 60
1168	-50 -21 -49 -20
1168	118 35 119 36
1168	30 29 31 30
1168	39 -7 40 -6
1168	6 61 7 62
1168	78 54 79 55
1172	130 42 131 43
1176	-106 50 -105 51
1176	-107 33 -106 34
1176	-75 11 -74 12
1176	116 5 117 6
1176	46 56 47 57
1176	74 31 75 32
1180	-101 39 -100 40
1180	136 33 137 34
1180	14 62 15 63
1180	38 61 39 62
1180	75 29 76 30
1184	-63 -39 -62 -38
1184	35 60 36 61
1188	-62 57 -61 58
1188	19 -35 20 -34
1188	51 56 52 57
1188	73 23 74 24
1192	-115 33 -114 34
1192	-39 -4 -38 -3
1192	-56 -26 -55 -25
1192	50 52 51 53
1196	-66 -29 -65 -28
1196	-76 -13 -75 -12
1200	-15 28 -14 29
1200	-72 -17 -71 -16
1200	166 -46 167 -45
1200	38 63 39 64
1204	-66 -67 -65 -66
1204	-73 -40 -72 -39
1204	29 66 30 67
1204	35 59 36 60
1204	38 59 39 60
1204	46 52 47 53
1204	7 60 8 61
1208	102 19 103 20
1208	12 66 13 67
1208	140 49 141 50
1208	28 58 29 59
1208	98 19 99 20
1212	-6 31 -5 32
1212	-71 -33 -70 -32
1212	-84 45 -83 46
1212	127 50 128 51
1212	145 -18 146 -17
1212	72 33 73 34
1216	125 58 126 59
1216	33 66 34 67
1216	37 58 38 59
1216	82 53 83 54
1220	-111 39 -110 40
1220	-21 64 -20 65
1220	-88 14 -87 15
1224	135 -35 136 -34
1224	21 36 22 37
1224	70 61 71 62
1224	75 15 76 16
1224	80 28 81 29
1228	-111 63 -110 64
1228	-64 8 -63 9
1228	158 53 159 54
1228	26 51 27 52
1228	31 37 32 38
1228	41 60 42 61
1228	41 62 42 63
1232	-104 29 -103 30
1232	-112 47 -111 48
1232	-80 -1 -79 0
1232	28 -29 29 -28
1232	80 29 81 30
1236	-108 34 -107 35
1236	-7 30 -6 31
1236	107 51 108 52
1236	123 41 124 42
1236	32 61 33 62
1236	71 40 72 41
1236	75 14 76 15
1240	-105 52 -104 53
1240	-120 52 -119 53
1240	-86 10 -85 11
1240	101 56 102 57
1240	126 33 127 34
1240	153 -27 154 -26
1240	33 62 34 63
1240	57 55 58 56
1244	-107 49 -106 50
1244	35 36 36 37
1248	-119 47 -118 48
1248	7 36 8 37
1248	75 11 76 12
1252	-104 34 -103 35
1252	32 58 33 59
1252	79 12 80 13
1260	-116 32 -115 33
1260	-134 62 -133 63
1260	172 -35 173 -34
1260	28 50 29 51
1260	57 23 58 24
1264	-117 61 -116 62
1264	14 10 15 11
1264	43 50 44 51
1264	61 58 62 59
1268	-100 42 -99 43
1268	15 62 16 63
1268	29 49 30 50
1268	56 25 57 26
1268	73 21 74 22
1272	67 59 68 60
1276	-64 -18 -63 -17
1276	-98 25 -97 26
1276	121 38 122 39
1276	25 51 26 52
1276	70 40 71 41
1280	-100 18 -99 19
1280	151 -28 152 -27
1280	33 39 34 40
1280	45 50 46 51
1280	79 53 80 54
1284	151 -35 152 -34
1284	40 61 41 62
1284	44 37 45 38
1284	64 55 65 56
1288	-108 45 -107 46
1288	-110 45 -109 46
1288	-2 34 -1 35
1288	-6 58 -5 59
1288	-96 60 -95 61
1288	113 -9 114 -8
1288	51 32 52 33
1288	54 51 55 52
1292	-110 42 -109 43
1292	-74 -42 -73 -41
1292	30 65 31 66
1292	46 38 47 39
1292	5 61 6 62
1292	6 60 7 61
1296	-62 49 -61 50
1296	-63 58 -62 59
1296	99 17 100 18
1300	-139 65 -138 66
1300	-73 11 -72 12
1300	-75 3 -74 4
1300	118 32 119 33
1300	7 6 8 7
1300	80 17 81 18
1304	-99 43 -98 44
1304	22 36 23 37
1304	35 46 36 47
1308	-104 30 -103 31
1308	104 30 105 31
1308	48 52 49 53
1308	55 55 56 56
1308	65 59 66 60
1312	-104 31 -103 32
1312	-109 40 -108 41
1312	-130 53 -129 54
1312	-134 68 -133 69
1312	-140 60 -139 61
1312	42 51 43 52
1312	99 20 100 21
1316	-133 59 -132 60
1316	-84 22 -83 23
1316	74 23 75 24
1320	-111 33 -110 34
1320	-58 -33 -57 -32
1320	121 23 122 24
1320	26 38 27 39
1320	29 -29 30 -28
1324	-78 1 -77 2
1324	108 14 109 15
1324	14 32 15 33
1324	7 62 8 63
1324	74 13 75 14
1328	-102 37 -101 38
1328	-108 40 -107 41
1328	-111 42 -110 43
1328	112 22 113 23
1328	123 12 124 13
1328	172 -41 173 -40
1328	40 48 41 49
1332	-104 36 -103 37
1332	-133 53 -132 54
1332	15 4 16 5
1332	28 -33 29 -32
1332	3 6 4 7
1332	32 62 33 63
1336	31 -26 32 -25
1336	32 56 33 57
1340	-3 34 -2 35
1340	-76 3 -75 4
1340	-8 12 -7 13
1340	15 -5 16 -4
1344	-107 51 -106 52
1344	16 62 17 63
1344	54 54 55 55
1348	-117 62 -116 63
1348	-97 55 -96 56
1348	18 69 19 70
1352	-113 62 -112 63
1352	-123 36 -122 37
1352	24 63 25 64
1352	40 37 41 38
1352	57 57 58 58
1356	-129 60 -128 61
1356	30 -29 31 -28
1356	30 30 31 31
1356	31 63 32 64
1356	45 2 46 3
1360	67 40 68 41
1360	76 55 77 56
1364	24 36 25 37
1364	70 60 71 61
1364	74 15 75 16
1364	8 57 9 58
1368	-103 43 -102 44
1368	-112 38 -111 39
1368	-120 47 -119 48
1368	-98 43 -97 44
1368	-99 27 -98 28
1368	47 53 48 54
1372	-49 -15 -48 -14
1372	142 39 143 40
1372	40 53 41 54
1372	41 50 42 51
1376	113 51 114 52
1376	125 8 126 9
1376	133 36 134 37
1376	47 -22 48 -21
1380	-1 5 0 6
1380	-49 -24 -48 -23
1380	-56 53 -55 54
1380	33 56 34 57
1380	38 46 39 47
1380	42 60 43 61
1380	66 61 67 62
1380	67 24 68 25
1384	-108 41 -107 42
1384	-123 52 -122 53
1384	-78 -12 -77 -11
1384	15 61 16 62
1384	28 48 29 49
1384	99 14 100 15
1388	-1 9 0 10
1388	107 16 108 17
1388	35 -1 36 0
1388	45 56 46 57
1388	78 10 79 11
1392	-139 63 -138 64
1392	-36 -6 -35 -5
1392	33 46 34 47
1392	33 51 34 52
1392	44 55 45 56
1396	-136 67 -135 68
1396	152 -29 153 -28
1396	63 56 64 57
1400	-115 49 -114 50
1400	-117 49 -116 50
1400	132 42 133 43
1400	31 -29 32 -28
1400	73 34 74 35
1400	78 11 79 12
1404	-104 54 -103 55
1404	-121 44 -120 45
1404	10 33 11 34
1404	125 6 126 7
1404	170 -45 171 -44
1408	-103 33 -102 34
1408	-114 46 -113 47
1408	128 38 129 39
1408	32 68 33 69
1408	49 54 50 55
1408	57 50 58 51
1408	85 55 86 56
1412	-153 58 -152 59
1412	19 39 20 40
1412	62 57 63 58
1416	-107 43 -106 44
1416	-98 50 -97 51
1416	44 44 45 45
1420	-7 33 -6 34
1420	126 39 127 40
1420	42 37 43 38
1424	-69 -33 -68 -32
1424	-72 7 -71 8
1424	8 36 9 37
1428	-137 63 -136 64
1428	-42 -22 -41 -21
1428	-56 -27 -55 -26
1428	128 -4 129 -3
1428	32 64 33 65
1432	27 69 28 70
1432	38 50 39 51
1432	45 42 46 43
1436	-66 -27 -65 -26
1436	-97 19 -96 20
1436	74 43 75 44
1436	90 56 91 57
1440	-103 34 -102 35
1440	-106 69 -105 70
1440	-135 61 -134 62
1440	-51 -21 -50 -20
1440	-78 18 -77 19
1440	152 -32 153 -31
1440	48 46 49 47
1440	83 28 84 29
1444	-109 44 -108 45
1448	147 -38 148 -37
1448	34 64 35 65
1452	-115 54 -114 55
1452	-73 -14 -72 -13
1452	50 62 51 63
1456	-105 54 -104 55
1456	100 18 101 19
1456	35 40 36 41
1456	53 53 54 54
1456	63 57 64 58
1456	68 38 69 39
1460	-50 -17 -49 -16
1460	-60 47 -59 48
1460	63 61 64 62
1464	-101 28 -100 29
1464	-107 54 -106 55
1464	20 65 21 66
1464	71 34 72 35
1464	76 60 77 61
1468	-77 -12 -76 -11
1468	68 40 69 41
1468	75 42 76 43
1472	-109 42 -108 43
1472	-17 14 -16 15
1472	-93 56 -92 57
1472	128 34 129 35
1472	147 -37 148 -36
1476	-7 34 -6 35
1480	-49 -23 -48 -22
1480	106 20 107 21
1480	13 -9 14 -8
1480	147 -42 148 -41
1480	29 -31 30 -30
1484	145 -37 146 -36
1484	31 26 32 27
1484	34 37 35 38
1484	37 52 38 53
1488	-35 -9 -34 -8
1488	106 11 107 12
1488	115 28 116 29
1488	6 59 7 60
1492	143 -39 144 -38
1496	-129 59 -128 60
1500	-157 20 -156 21
1500	-5 58 -4 59
1500	-54 -25 -53 -24
1504	-114 43 -113 44
1504	-54 49 -53 50
1504	-98 39 -97 40
1504	139 51 140 52
1508	-55 -35 -54 -34
1508	-65 49 -64 50
1512	-106 33 -105 34
1512	-108 32 -107 33
1512	-71 18 -70 19
1512	105 21 106 22
1512	39 39 40 40
1512	43 40 44 41
1516	-128 51 -127 52
1516	-78 -13 -77 -12
1516	11 61 12 62
1516	18 60 19 61
1516	31 61 32 62
1516	40 38 41 39
1516	6 62 7 63
1516	77 8 78 9
1520	-101 36 -100 37
1520	-42 -21 -41 -20
1520	107 10 108 11
1520	31 62 32 63
1520	40 62 41 63
1520	73 24 74 25
1524	27 40 28 41
1528	-108 35 -107 36
1528	-120 44 -119 45
1528	119 26 120 27
1528	58 56 59 57
1532	-108 52 -107 53
1532	-110 40 -109 41
1532	-17 13 -16 14
1532	-44 -21 -43 -20
1532	34 51 35 52
1536	-12 7 -11 8
1536	-74 53 -73 54
1536	-84 44 -83 45
1536	100 6 101 7
1536	19 63 20 64
1536	41 63 42 64
1540	-102 36 -101 37
1540	-81 -2 -80 -1
1540	128 27 129 28
1540	57 59 58 60
1544	13 61 14 62
1544	20 67 21 68
1544	30 -2 31 -1
1544	34 52 35 53
1544	76 56 77 57
1548	-130 59 -129 60
1548	-99 37 -98 38
1552	-110 62 -109 63
1556	-74 8 -73 9
1556	46 54 47 55
1560	-84 9 -83 10
1560	29 38 30 39
1560	41 52 42 53
1564	-106 44 -105 45
1564	78 30 79 31
1564	8 63 9 64
1568	-108 44 -107 45
1568	-109 43 -108 44
1568	-67 43 -66 44
1568	142 45 143 46
1568	146 -44 147 -43
1568	15 12 16 13
1568	34 40 35 41
1572	-106 43 -105 44
1572	-76 20 -75 21
1572	-80 -5 -79 -4
1576	128 26 129 27
1576	149 -34 150 -33
1576	27 68 28 69
1576	30 58 31 59
1576	47 60 48 61
1576	94 55 95 56
1580	-99 39 -98 40
1580	29 65 30 66
1580	40 50 41 51
1584	-102 30 -101 31
1584	-104 42 -103 43
1584	-74 6 -73 7
1584	121 17 122 18
1588	-16 18 -15 19
1588	-77 20 -76 21
1588	4 39 5 40
1592	-74 19 -73 20
1592	51 51 52 52
1592	68 43 69 44
1596	-135 62 -134 63
1596	-139 64 -138 65
1596	-73 6 -72 7
1596	89 24 90 25
1596	9 58 10 59
1600	-105 33 -104 34
1600	54 53 55 54
1604	32 41 33 42
1604	57 54 58 55
1604	72 61 73 62
1608	-100 27 -99 28
1608	-100 37 -99 38
1608	-56 5 -55 6
1608	-70 43 -69 44
1608	46 -26 47 -25
1608	82 49 83 50
1612	-116 51 -115 52
1612	102 -4 103 -3
1616	-6 51 -5 52
1616	126 38 127 39
1616	169 -44 170 -43
1616	9 63 10 64
1620	-118 49 -117 50
1620	-64 -66 -63 -65
1620	-87 12 -86 13
1620	121 15 122 16
1620	128 37 129 38
1620	30 64 31 65
1620	35 49 36 50
1620	42 43 43 44
1620	46 39 47 40
1620	71 60 72 61
1624	42 50 43 51
1624	87 52 88 53
1628	-120 53 -119 54
1628	-49 -16 -48 -15
1628	-86 45 -85 46
1628	21 65 22 66
1628	27 -26 28 -25
1628	76 61 77 62
1632	-125 43 -124 44
1632	-60 -35 -59 -34
1632	38 37 39 38
1636	-68 44 -67 45
1636	126 34 127 35
1640	-50 -27 -49 -26
1640	144 -37 145 -36
1640	38 40 39 41
1644	-87 48 -86 49
1644	-89 47 -88 48
1644	34 55 35 56
1648	-100 38 -99 39
1648	-115 55 -114 56
1648	-119 52 -118 53
1648	16 8 17 9
1652	-100 54 -99 55
1652	-131 60 -130 61
1652	-46 -22 -45 -21
1652	-65 47 -64 48
1652	37 40 38 41
1656	-127 61 -126 62
1656	-26 37 -25 38
1656	-60 55 -59 56
1656	-61 -32 -60 -31
1656	12 63 13 64
1656	24 52 25 53
1656	47 58 48 59
1656	78 53 79 54
1660	-102 31 -101 32
1660	-54 -27 -53 -26
1660	31 -27 32 -26
1660	62 55 63 56
1664	-101 37 -100 38
1664	-114 50 -113 51
1664	-98 44 -97 45
1664	42 52 43 53
1664	44 54 45 55
1668	-120 45 -119 46
1668	-66 -23 -65 -22
1668	-8 55 -7 56
1668	28 40 29 41
1668	57 60 58 61
1676	-6 33 -5 34
1676	-9 31 -8 32
1680	-66 49 -65 50
1680	-90 20 -89 21
1680	121 29 122 30
1680	8 61 9 62
1680	9 61 10 62
1684	-78 47 -77 48
1684	117 39 118 40
1684	28 -32 29 -31
1684	41 51 42 52
1684	53 57 54 58
1688	22 65 23 66
1688	25 52 26 53
1688	53 63 54 64
1688	91 22 92 23
1692	-112 36 -111 37
1692	106 29 107 30
1692	130 34 131 35
1692	31 40 32 41
1692	34 67 35 68
1692	59 58 60 59
1696	-111 54 -110 55
1696	-63 -65 -62 -64
1700	26 40 27 41
1700	26 63 27 64
1704	-177 -44 -176 -43
1704	-7 56 -6 57
1704	32 55 33 56
1704	37 39 38 40
1708	-109 45 -108 46
1708	-132 60 -131 61
1708	129 62 130 63
1712	-118 44 -117 45
1712	-66 51 -65 52
1712	102 18 103 19
1712	29 51 30 52
1712	42 47 43 48
1716	14 44 15 45
1716	37 37 38 38
1716	75 63 76 64
1720	-50 -23 -49 -22
1720	-52 -23 -51 -22
1720	145 -43 146 -42
1720	29 39 30 40
1724	-58 54 -57 55
1724	148 -21 149 -20
1724	17 39 18 40
1724	48 53 49 54
1724	52 59 53 60
1728	114 -9 115 -8
1728	34 62 35 63
1732	-103 32 -102 33
1732	75 30 76 31
1736	-107 44 -106 45
1736	-111 40 -110 41
1736	-92 34 -91 35
1736	-99 28 -98 29
1736	146 -43 147 -42
1740	-113 61 -112 62
1740	-2 60 -1 61
1740	13 60 14 61
1740	169 -46 170 -45
1744	-93 57 -92 58
1744	33 40 34 41
1748	42 45 43 46
1752	-100 39 -99 40
1752	-85 10 -84 11
1752	22 61 23 62
1752	36 37 37 38
1752	52 67 53 68
1752	53 68 54 69
1756	24 51 25 52
1756	47 42 48 43
1756	68 36 69 37
1756	92 55 93 56
1760	-106 54 -105 55
1764	-108 43 -107 44
1764	-118 45 -117 46
1764	29 57 30 58
1764	56 55 57 56
1768	-111 35 -110 36
1768	-116 42 -115 43
1768	-131 54 -130 55
1768	-79 -3 -78 -2
1768	169 -47 170 -46
1772	37 45 38 46
1776	-104 40 -103 41
1776	-120 48 -119 49
1776	-72 18 -71 19
1776	47 57 48 58
1776	53 52 54 53
1780	-66 -25 -65 -24
1784	-41 -20 -40 -19
1784	38 8 39 9
1784	86 53 87 54
1788	-116 50 -115 51
1788	-83 43 -82 44
1788	31 29 32 30
1792	-101 53 -100 54
1792	-114 51 -113 52
1792	-74 -37 -73 -36
1792	117 -9 118 -8
1792	14 38 15 39
1792	56 56 57 57
1792	84 54 85 55
1800	-100 56 -99 57
1800	18 7 19 8
1804	32 69 33 70
1808	-116 47 -115 48
1808	-122 48 -121 49
1808	119 -5 120 -4
1808	13 65 14 66
1812	-83 45 -82 46
1812	33 49 34 50
1816	33 65 34 66
1820	-118 46 -117 47
1820	120 -5 121 -4
1824	-113 45 -112 46
1824	-124 38 -123 39
1824	-7 55 -6 56
1824	-88 40 -87 41
1824	14 35 15 36
1824	27 -33 28 -32
1824	73 49 74 50
1832	-160 22 -159 23
1832	34 56 35 57
1832	38 9 39 10
1832	50 56 51 57
1836	149 -22 150 -21
1840	-49 -22 -48 -21
1840	27 48 28 49
1844	19 69 20 70
1844	52 56 53 57
1844	72 41 73 42
1848	-109 54 -108 55
1848	-111 44 -110 45
1848	31 -30 32 -29
1848	5 36 6 37
1848	76 11 77 12
1852	-110 43 -109 44
1852	42 44 43 45
1852	51 53 52 54
1852	55 53 56 54
1856	-53 -28 -52 -27
1856	36 61 37 62
1860	-4 58 -3 59
1860	109 -8 110 -7
1860	127 39 128 40
1864	124 -10 125 -9
1864	124 8 125 9
1864	31 58 32 59
1864	36 60 37 61
1868	-115 32 -114 33
1868	31 46 32 47
1868	77 10 78 11
1872	1 36 2 37
1872	123 9 124 10
1872	56 53 57 54
1876	-158 21 -157 22
1880	-100 46 -99 47
1880	-17 32 -16 33
1880	-52 -22 -51 -21
1880	-62 -65 -61 -64
1880	76 30 77 31
1884	139 42 140 43
1888	-102 55 -101 56
1888	-119 48 -118 49
1888	-79 0 -78 1
1888	29 -32 30 -31
1888	67 61 68 62
1892	-99 38 -98 39
1896	119 -4 120 -3
1896	13 44 14 45
1900	79 6 80 7
1908	-112 46 -111 47
1908	46 -20 47 -19
1908	46 61 47 62
1912	-99 44 -98 45
1912	101 6 102 7
1916	69 59 70 60
1916	73 42 74 43
1920	-119 46 -118 47
1920	29 63 30 64
1920	75 13 76 14
1920	79 54 80 55
1924	-102 34 -101 35
1924	171 -44 172 -43
1924	35 57 36 58
1928	-110 54 -109 55
1928	-116 49 -115 50
1932	34 0 35 1
1936	121 13 122 14
1936	29 37 30 38
1940	-6 34 -5 35
1940	-83 23 -82 24
1940	27 41 28 42
1940	30 51 31 52
1940	52 57 53 58
1944	-101 20 -100 21
1944	-76 5 -75 6
1944	122 -6 123 -5
1944	60 54 61 55
1944	60 58 61 59
1948	-101 30 -100 31
1948	-72 -14 -71 -13
1948	-72 -33 -71 -32
1948	-90 13 -89 14
1948	101 2 102 3
1948	126 36 127 37
1948	30 38 31 39
1948	54 58 55 59
1948	85 52 86 53
1952	121 16 122 17
1952	27 52 28 53
1952	80 13 81 14
1956	-73 -39 -72 -38
1960	-111 34 -110 35
1960	-114 36 -113 37
1960	-119 55 -118 56
1960	-72 -36 -71 -35
1960	-87 13 -86 14
1964	-59 -28 -58 -27
1964	-79 -2 -78 -1
1964	112 -9 113 -8
1964	26 37 27 38
1968	-35 -8 -34 -7
1968	16 42 17 43
1968	19 64 20 65
1968	31 66 32 67
1972	37 38 38 39
1976	-101 59 -100 60
1976	-109 33 -108 34
1976	119 32 120 33
1976	72 60 73 61
1980	-115 46 -114 47
1980	-45 -20 -44 -19
1984	-101 41 -100 42
1984	-7 31 -6 32
1984	102 17 103 18
1984	128 32 129 33
1988	-102 56 -101 57
1988	-118 36 -117 37
1988	-118 51 -117 52
1988	-45 -23 -44 -22
1988	146 -39 147 -38
1988	167 -47 168 -46
1988	24 37 25 38
1992	-131 56 -130 57
1992	-68 -17 -67 -16
1992	-7 32 -6 33
1992	10 35 11 36
1992	12 61 13 62
1992	25 39 26 40
1996	30 37 31 38
2000	-102 19 -101 20
2000	-138 65 -137 66
2000	-5 34 -4 35
2000	-65 60 -64 61
2000	165 -22 166 -21
2000	25 -34 26 -33
2004	-87 42 -86 43
2008	-66 -17 -65 -16
2008	-8 33 -7 34
2008	65 56 66 57
2012	13 32 14 33
2012	28 38 29 39
2020	-125 42 -124 43
2020	27 36 28 37
2020	53 54 54 55
2024	30 -31 31 -30
2028	-115 34 -114 35
2028	-3 49 -2 50
2028	-89 48 -88 49
2028	168 -46 169 -45
2028	37 49 38 50
2032	-10 54 -9 55
2032	-2 12 -1 13
2032	80 26 81 27
2036	-101 33 -100 34
2036	-56 52 -55 53
2036	31 48 32 49
2036	76 12 77 13
2036	76 9 77 10
2040	-105 41 -104 42
2044	138 38 139 39
2044	35 47 36 48
2044	72 40 73 41
2048	-52 -24 -51 -23
2048	24 43 25 44
2048	50 57 51 58
2052	-100 41 -99 42
2052	-106 32 -105 33
2056	55 24 56 25
2060	-11 8 -10 9
2060	-135 67 -134 68
2060	-56 -35 -55 -34
2060	132 43 133 44
2060	32 63 33 64
2060	36 58 37 59
2060	81 54 82 55
2060	98 8 99 9
2068	-110 33 -109 34
2068	-115 47 -114 48
2072	147 -43 148 -42
2072	178 -39 179 -38
2072	33 59 34 60
2076	-111 41 -110 42
2076	-51 -26 -50 -25
2076	24 62 25 63
2084	-102 32 -101 33
2084	-129 54 -128 55
2084	-136 62 -135 63
2084	29 50 30 51
2084	45 -26 46 -25
2084	49 40 50 41
2088	-16 28 -15 29
2088	-54 -30 -53 -29
2088	125 -9 126 -8
2088	24 40 25 41
2088	68 61 69 62
2092	111 -8 112 -7
2092	33 57 34 58
2092	58 23 59 24
2096	-68 10 -67 11
2096	50 54 51 55
2100	-64 58 -63 59
2100	-80 -4 -79 -3
2100	118 24 119 25
2100	28 37 29 38
2104	-4 14 -3 15
2104	14 60 15 61
2104	54 17 55 18
2108	-125 52 -124 53
2108	12 59 13 60
2108	12 65 13 66
2108	29 45 30 46
2108	32 36 33 37
2108	40 51 41 52
2112	-102 41 -101 42
2112	108 15 109 16
2112	40 58 41 59
2112	41 64 42 65
2116	-104 52 -103 53
2116	50 61 51 62
2120	-122 46 -121 47
2120	127 34 128 35
2120	35 37 36 38
2120	40 52 41 53
2124	-104 32 -103 33
2124	-111 36 -110 37
2124	-46 -23 -45 -22
2124	-47 -21 -46 -20
2124	-92 35 -91 36
2124	9 36 10 37
2128	-106 35 -105 36
2132	-48 -22 -47 -21
2132	-73 5 -72 6
2132	49 52 50 53
2132	56 60 57 61
2136	-74 10 -73 11
2140	-50 -24 -49 -23
2140	-77 -13 -76 -12
2140	-82 24 -81 25
2140	28 43 29 44
2140	34 41 35 42
2140	58 58 59 59
2140	71 51 72 52
2144	23 43 24 44
2144	65 55 66 56
2144	76 10 77 11
2148	-99 45 -98 46
2148	28 39 29 40
2148	8 59 9 60
2152	-92 33 -91 34
2152	30 39 31 40
2160	-121 46 -120 47
2160	-99 42 -98 43
2160	152 -27 153 -26
2164	-73 8 -72 9
2164	33 64 34 65
2164	37 59 38 60
2164	51 58 52 59
2168	-51 -22 -50 -21
2168	-63 -66 -62 -65
2168	142 46 143 47
2172	-55 -21 -54 -20
2172	44 33 45 34
2176	-115 35 -114 36
2180	105 11 106 12
2180	43 44 44 45
2184	-110 37 -109 38
2184	23 59 24 60
2188	-109 34 -108 35
2188	-52 -31 -51 -30
2188	7 59 8 60
2192	32 3 33 4
2196	27 39 28 40
2200	-104 43 -103 44
2200	-137 66 -136 67
2200	26 39 27 40
2200	75 12 76 13
2204	-107 42 -106 43
2208	1 7 2 8
2208	23 35 24 36
2216	-111 45 -110 46
2216	-47 -23 -46 -22
2216	22 57 23 58
2216	29 -6 30 -5
2216	31 51 32 52
2216	6 36 7 37
2220	-111 37 -110 38
2220	-117 34 -116 35
2220	128 36 129 37
2220	21 60 22 61
2220	36 45 37 46
2220	39 46 40 47
2220	41 55 42 56
2220	59 36 60 37
2224	-101 40 -100 41
2228	-100 33 -99 34
2228	-102 49 -101 50
2228	84 27 85 28
2232	79 30 80 31
2236	9 34 10 35
2240	-77 49 -76 50
2244	-98 40 -97 41
2244	59 53 60 54
2248	-49 -27 -48 -26
2248	-73 40 -72 41
2248	54 57 55 58
2248	77 11 78 12
2252	19 40 20 41
2252	76 28 77 29
2256	80 7 81 8
2260	-111 43 -110 44
2260	18 57 19 58
2264	-118 48 -117 49
2264	-93 33 -92 34
2264	21 62 22 63
2268	-119 45 -118 46
2268	130 30 131 31
2276	-110 34 -109 35
2276	136 50 137 51
2276	38 38 39 39
2280	-69 45 -68 46
2280	-87 45 -86 46
2284	123 -11 124 -10
2284	28 54 29 55
2288	-137 60 -136 61
2292	-133 60 -132 61
2292	146 -37 147 -36
2296	-110 35 -109 36
2296	29 58 30 59
2296	40 55 41 56
2300	-100 55 -99 56
2300	-156 19 -155 20
2300	-65 51 -64 52
2300	33 63 34 64
2304	-117 48 -116 49
2304	-58 -26 -57 -25
2304	-72 -35 -71 -34
2304	120 30 121 31
2308	15 54 16 55
2308	31 55 32 56
2308	86 54 87 55
2312	-150 61 -149 62
2312	69 40 70 41
2316	43 -24 44 -23
2320	48 56 49 57
2324	-127 54 -126 55
2324	-89 32 -88 33
2324	174 -39 175 -38
2328	1 6 2 7
2332	-101 32 -100 33
2332	169 -45 170 -44
2332	33 52 34 53
2336	-107 34 -106 35
2340	-124 50 -123 51
2340	-65 58 -64 59
2340	-90 32 -89 33
2340	35 45 36 46
2340	39 58 40 59
2344	-108 36 -107 37
2344	52 58 53 59
2348	-104 50 -103 51
2348	-109 32 -108 33
2348	173 -43 174 -42
2348	30 61 31 62
2356	-112 54 -111 55
2356	-67 55 -66 56
2356	-76 37 -75 38
2356	-80 48 -79 49
2356	32 49 33 50
2356	33 61 34 62
2356	73 33 74 34
2360	-117 51 -116 52
2360	-128 54 -127 55
2360	139 39 140 40
2360	44 53 45 54
2364	-5 14 -4 15
2364	18 40 19 41
2368	-74 4 -73 5
2368	30 63 31 64
2372	-100 31 -99 32
2372	107 -7 108 -6
2376	-105 42 -104 43
2376	-110 41 -109 42
2376	50 26 51 27
2380	-74 49 -73 50
2384	-110 36 -109 37
2384	33 41 34 42
2384	43 53 44 54
2388	-57 -26 -56 -25
2388	-87 43 -86 44
2388	-98 54 -97 55
2388	14 61 15 62
2388	17 58 18 59
2392	-107 52 -106 53
2392	125 38 126 39
2396	-90 33 -89 34
2400	-102 33 -101 34
2400	-121 61 -120 62
2404	-113 43 -112 44
2404	125 39 126 40
2408	116 -34 117 -33
2412	-105 50 -104 51
2412	-113 46 -112 47
2412	-67 44 -66 45
2412	28 63 29 64
2412	29 54 30 55
2412	33 54 34 55
2412	58 54 59 55
2416	-39 -13 -38 -12
2424	-126 51 -125 52
2424	-136 60 -135 61
2424	26 41 27 42
2432	-126 50 -125 51
2432	-82 25 -81 26
2436	-106 36 -105 37
2436	10 5 11 6
2436	26 42 27 43
2440	33 69 34 70
2444	-105 44 -104 45
2444	145 -17 146 -16
2444	43 61 44 62
2448	-69 -17 -68 -16
2452	-139 61 -138 62
2452	66 66 67 67
2456	-113 44 -112 45
2456	25 64 26 65
2460	46 -25 47 -24
2464	-67 50 -66 51
2472	-100 28 -99 29
2472	-77 2 -76 3
2472	-85 43 -84 44
2472	100 5 101 6
2472	27 49 28 50
2476	-107 32 -106 33
2476	-68 18 -67 19
2476	-70 18 -69 19
2476	9 35 10 36
2480	-99 31 -98 32
2480	146 -38 147 -37
2480	21 54 22 55
2488	65 62 66 63
2496	-101 35 -100 36
2496	-104 48 -103 49
2496	-120 46 -119 47
2496	-126 61 -125 62
2496	-67 10 -66 11
2508	-68 50 -67 51
2508	-71 -35 -70 -34
2512	-112 35 -111 36
2512	-97 37 -96 38
2512	20 38 21 39
2512	90 23 91 24
2516	-114 54 -113 55
2520	-102 46 -101 47
2520	-107 41 -106 42
2524	-80 9 -79 10
2524	30 36 31 37
2528	29 52 30 53
2528	47 -20 48 -19
2532	-124 59 -123 60
2532	113 52 114 53
2536	-8 31 -7 32
2536	24 64 25 65
2536	29 9 30 10
2536	36 52 37 53
2536	99 11 100 12
2540	-110 32 -109 33
2544	12 62 13 63
2548	-108 49 -107 50
2548	-114 62 -113 63
2548	-6 55 -5 56
2548	103 16 104 17
2548	120 -10 121 -9
2548	38 47 39 48
2548	62 56 63 57
2552	137 50 138 51
2556	36 32 37 33
2560	5 6 6 7
2564	-113 40 -112 41
2568	-119 44 -118 45
2568	-95 56 -94 57
2576	-123 57 -122 58
2576	-55 -26 -54 -25
2576	168 -47 169 -46
2576	37 36 38 37
2576	39 21 40 22
2580	-101 31 -100 32
2584	-97 38 -96 39
2584	107 -8 108 -7
2584	48 54 49 55
2588	-122 57 -121 58
2588	-16 27 -15 28
2588	58 55 59 56
2592	42 54 43 55
2592	46 24 47 25
2596	-105 69 -104 70
2596	29 47 30 48
2600	106 47 107 48
2600	129 28 130 29
2600	23 48 24 49
2604	-103 42 -102 43
2608	-6 35 -5 36
2612	-116 35 -115 36
2612	-141 61 -140 62
2612	115 -9 116 -8
2612	116 -33 117 -32
2616	-109 52 -108 53
2616	-111 31 -110 32
2620	-73 -37 -72 -36
2620	32 0 33 1
2624	-122 43 -121 44
2632	100 14 101 15
2636	-84 43 -83 44
2644	-106 42 -105 43
2644	31 49 32 50
2648	-100 34 -99 35
2648	141 45 142 46
2652	36 35 37 36
2664	-94 56 -93 57
2664	36 36 37 37
2664	36 53 37 54
2664	37 64 38 65
2672	-103 41 -102 42
2676	-129 52 -128 53
2676	-72 8 -71 9
2676	126 35 127 36
2680	-105 43 -104 44
2680	-111 62 -110 63
2680	-116 46 -115 47
2684	-94 33 -93 34
2684	32 37 33 38
2692	49 56 50 57
2704	-122 44 -121 45
2704	-128 61 -127 62
2704	127 38 128 39
2708	76 29 77 30
2716	-58 51 -57 52
2716	15 43 16 44
2720	-115 36 -114 37
2720	-69 46 -68 47
2724	-95 40 -94 41
2724	140 43 141 44
2728	13 56 14 57
2736	-62 46 -61 47
2740	-126 54 -125 55
2740	-139 60 -138 61
2740	18 -35 19 -34
2740	43 39 44 40
2740	55 56 56 57
2744	-14 28 -13 29
2744	-64 49 -63 50
2748	24 65 25 66
2748	34 60 35 61
2752	-112 39 -111 40
2752	-49 -28 -48 -27
2756	0 53 1 54
2756	135 48 136 49
2760	-102 48 -101 49
2760	35 51 36 52
2764	-100 40 -99 41
2764	-101 56 -100 57
2764	-48 -16 -47 -15
2764	37 57 38 58
2768	25 63 26 64
2772	-99 40 -98 41
2772	32 48 33 49
2776	-54 46 -53 47
2780	-46 -24 -45 -23
2780	-95 48 -94 49
2780	41 37 42 38
2780	53 67 54 68
2784	14 58 15 59
2788	-10 30 -9 31
2800	27 37 28 38
2800	34 49 35 50
2804	31 36 32 37
2808	-94 49 -93 50
2812	-7 36 -6 37
2812	-88 44 -87 45
2816	16 68 17 69
2820	27 44 28 45
2820	36 -2 37 -1
2820	39 53 40 54
2824	-123 50 -122 51
2824	-7 57 -6 58
2828	-91 35 -90 36
2828	33 67 34 68
2832	146 43 147 44
2836	176 -38 177 -37
2840	34 63 35 64
2844	-43 -23 -42 -22
2844	16 61 17 62
2848	-124 61 -123 62
2848	26 56 27 57
2848	28 -2 29 -1
2856	-96 28 -95 29
2860	-128 59 -127 60
2868	-123 43 -122 44
2868	-138 60 -137 61
2868	-92 32 -91 33
2868	26 53 27 54
2868	33 34 34 35
2868	8 58 9 59
2880	-129 55 -128 56
2880	25 -3 26 -2
2880	81 7 82 8
2888	-74 5 -73 6
2888	129 34 130 35
2888	32 34 33 35
2896	-113 36 -112 37
2896	-88 43 -87 44
2900	-101 48 -100 49
2900	-61 -33 -60 -32
2900	-92 36 -91 37
2900	-99 34 -98 35
2900	145 44 146 45
2900	41 56 42 57
2908	24 38 25 39
2912	-103 48 -102 49
2912	-117 45 -116 46
2920	21 57 22 58
2924	-88 35 -87 36
2928	-106 41 -105 42
2928	25 35 26 36
2932	-85 45 -84 46
2936	-90 36 -89 37
2936	-91 48 -90 49
2940	-98 38 -97 39
2940	168 -45 169 -44
2944	-62 56 -61 57
2944	-70 45 -69 46
2944	20 64 21 65
2952	-125 61 -124 62
2952	-138 63 -137 64
2960	-102 35 -101 36
2960	42 56 43 57
2964	-109 36 -108 37
2964	-71 19 -70 20
2964	30 49 31 50
2972	174 -38 175 -37
2976	-6 38 -5 39
2980	-104 53 -103 54
2980	-75 5 -74 6
2980	125 11 126 12
2984	113 23 114 24
2988	-75 43 -74 44
2988	40 54 41 55
2988	43 41 44 42
3000	59 57 60 58
3004	29 36 30 37
3008	33 58 34 59
3012	-137 62 -136 63
3012	51 25 52 26
3012	70 41 71 42
3016	-100 30 -99 31
3016	-74 18 -73 19
3016	33 48 34 49
3028	-100 32 -99 33
3028	-81 38 -80 39
3028	27 63 28 64
3032	-79 47 -78 48
3032	141 41 142 42
3036	-79 48 -78 49
3036	-93 42 -92 43
3040	-56 51 -55 52
3040	-99 26 -98 27
3040	30 48 31 49
3044	-120 42 -119 43
3044	34 38 35 39
3048	-96 37 -95 38
3048	-99 41 -98 42
3048	21 43 22 44
3048	28 56 29 57
3048	57 56 58 57
3052	-101 34 -100 35
3052	120 31 121 32
3052	153 -29 154 -28
3056	-53 47 -52 48
3056	48 57 49 58
3060	-76 35 -75 36
3060	115 -34 116 -33
3060	29 41 30 42
3060	51 55 52 56
3064	105 10 106 11
3068	-104 46 -103 47
3068	32 46 33 47
3068	33 53 34 54
3068	41 61 42 62
3072	35 38 36 39
3072	35 55 36 56
3080	-90 34 -89 35
3084	-82 45 -81 46
3084	-85 9 -84 10
3084	41 41 42 42
3088	-18 14 -17 15
3088	22 43 23 44
3088	31 54 32 55
3092	-3 56 -2 57
3092	-76 9 -75 10
3092	27 45 28 46
3096	-103 31 -102 32
3100	-134 60 -133 61
3100	170 -44 171 -43
3100	35 53 36 54
3104	24 35 25 36
3104	34 57 35 58
3108	-105 40 -104 41
3108	-134 67 -133 68
3112	-136 59 -135 60
3112	-77 3 -76 4
3112	9 60 10 61
3116	-58 53 -57 54
3116	-61 53 -60 54
3124	-3 36 -2 37
3124	145 -42 146 -41
3128	-114 59 -113 60
3128	-17 12 -16 13
3136	-8 30 -7 31
3136	-8 57 -7 58
3136	-91 34 -90 35
3140	-109 35 -108 36
3140	32 40 33 41
3144	99 19 100 20
3152	-104 44 -103 45
3152	31 53 32 54
3156	-112 44 -111 45
3156	116 40 117 41
3160	-110 39 -109 40
3160	-63 44 -62 45
3172	-1 37 0 38
3176	-120 38 -119 39
3176	-93 35 -92 36
3180	-93 32 -92 33
3180	28 53 29 54
3180	69 54 70 55
3188	25 53 26 54
3192	-94 35 -93 36
3200	-112 32 -111 33
3200	-96 31 -95 32
3204	39 38 40 39
3208	103 52 104 53
3208	55 51 56 52
3212	25 50 26 51
3220	72 19 73 20
3224	-65 59 -64 60
3224	-99 33 -98 34
3224	167 -46 168 -45
3224	29 55 30 56
3232	14 63 15 64
3232	28 36 29 37
3232	52 54 53 55
3236	-115 43 -114 44
3240	129 35 130 36
3248	-94 58 -93 59
3252	-10 39 -9 40
3256	-113 42 -112 43
3256	-114 37 -113 38
3256	-48 -24 -47 -23
3260	-88 31 -87 32
3264	26 49 27 50
3268	85 51 86 52
3272	13 66 14 67
3272	55 58 56 59
3276	-101 55 -100 56
3276	-83 30 -82 31
3284	-113 41 -112 42
3284	-94 29 -93 30
3284	51 35 52 36
3292	-135 59 -134 60
3292	-89 33 -88 34
3296	-96 40 -95 41
3300	44 42 45 43
3300	54 24 55 25
3300	80 6 81 7
3304	-54 48 -53 49
3312	-76 6 -75 7
3312	-80 -3 -79 -2
3316	-125 41 -124 42
3316	8 43 9 44
3320	32 60 33 61
3320	32 67 33 68
3328	42 41 43 42
3332	-120 62 -119 63
3332	-5 54 -4 55
3336	-112 34 -111 35
3336	36 33 37 34
3336	39 59 40 60
3340	-91 37 -90 38
3340	-94 48 -93 49
3348	-114 42 -113 43
3348	-83 47 -82 48
3348	17 42 18 43
3348	4 36 5 37
3356	-88 32 -87 33
3356	-91 36 -90 37
3356	45 -25 46 -24
3364	-89 31 -88 32
3364	28 55 29 56
3372	23 63 24 64
3376	28 57 29 58
3380	93 56 94 57
3388	-73 -38 -72 -37
3392	4 53 5 54
3400	-8 38 -7 39
3404	87 53 88 54
3408	-4 36 -3 37
3408	25 43 26 44
3412	96 4 97 5
3420	31 4 32 5
3424	175 -37 176 -36
3428	42 55 43 56
3432	44 -24 45 -23
3436	-104 41 -103 42
3436	-94 39 -93 40
3444	-122 45 -121 46
3444	40 45 41 46
3444	58 53 59 54
3452	-113 37 -112 38
3452	132 32 133 33
3452	38 64 39 65
3456	-6 32 -5 33
3456	31 50 32 51
3460	40 47 41 48
3464	-89 45 -88 46
3464	120 16 121 17
3464	27 -12 28 -11
3468	-75 10 -74 11
3468	39 55 40 56
3472	-116 62 -115 63
3472	-58 50 -57 51
3472	-66 18 -65 19
3472	-98 28 -97 29
3472	53 56 54 57
3476	18 63 19 64
3480	-89 38 -88 39
3480	21 44 22 45
3488	-138 61 -137 62
3488	43 38 44 39
3492	-65 -32 -64 -31
3496	-5 38 -4 39
3496	-87 31 -86 32
3500	-96 48 -95 49
3500	151 -33 152 -32
3500	31 30 32 31
3504	-97 31 -96 32
3508	-64 57 -63 58
3512	-140 61 -139 62
3512	-6 50 -5 51
3512	13 57 14 58
3516	-55 -28 -54 -27
3524	-101 29 -100 30
3524	98 3 99 4
3528	-101 46 -100 47
3528	-67 -18 -66 -17
3528	-8 39 -7 40
3528	-93 39 -92 40
3528	17 60 18 61
3528	24 50 25 51
3532	-68 49 -67 50
3536	114 30 115 31
3540	-112 62 -111 63
3540	-62 55 -61 56
3540	20 45 21 46
3548	-89 34 -88 35
3548	12 58 13 59
3556	-5 52 -4 53
3556	-99 46 -98 47
3568	-120 59 -119 60
3568	-122 35 -121 36
3572	-125 59 -124 60
3572	-72 19 -71 20
3572	-9 38 -8 39
3576	-130 60 -129 61
3580	41 57 42 58
3584	54 56 55 57
3588	31 9 32 10
3588	57 58 58 59
3592	-98 42 -97 43
3596	-104 20 -103 21
3596	-86 43 -85 44
3604	-67 48 -66 49
3604	0 38 1 39
3604	172 -43 173 -42
3608	-59 54 -58 55
3612	-99 54 -98 55
3612	171 -43 172 -42
3612	27 55 28 56
3612	73 19 74 20
3616	-117 46 -116 47
3616	-61 52 -60 53
3620	-105 53 -104 54
3624	-57 53 -56 54
3624	-78 48 -77 49
3624	13 58 14 59
3624	19 41 20 42
3640	81 51 82 52
3644	28 -26 29 -25
3648	-120 41 -119 42
3648	31 6 32 7
3660	-94 57 -93 58
3660	32 51 33 52
3664	-58 52 -57 53
3664	13 59 14 60
3664	27 56 28 57
3668	-83 41 -82 42
3668	35 56 36 57
3672	33 35 34 36
3680	26 43 27 44
3684	-110 31 -109 32
3684	-88 39 -87 40
3688	-95 33 -94 34
3688	-97 42 -96 43
3692	-65 48 -64 49
3696	-62 52 -61 53
3712	-121 47 -120 48
3712	-90 48 -89 49
3716	20 63 21 64
3720	-131 61 -130 62
3720	59 54 60 55
3724	-61 55 -60 56
3724	-62 15 -61 16
3728	27 42 28 43
3736	-1 35 0 36
3736	-10 52 -9 53
3736	-91 46 -90 47
3740	29 53 30 54
3744	-7 39 -6 40
3748	-123 59 -122 60
3748	36 34 37 35
3756	-125 51 -124 52
3760	-86 30 -85 31
3760	41 54 42 55
3764	-83 26 -82 27
3768	-100 51 -99 52
3776	25 41 26 42
3784	23 60 24 61
3784	83 55 84 56
3788	138 -36 139 -35
3792	-6 54 -5 55
3796	-109 49 -108 50
3796	32 50 33 51
3800	-116 43 -115 44
3804	-125 55 -124 56
3804	27 -27 28 -26
3812	-104 47 -103 48
3812	139 34 140 35
3816	-115 52 -114 53
3816	-118 47 -117 48
3824	-91 32 -90 33
3824	30 62 31 63
3824	32 53 33 54
3828	-16 11 -15 12
3828	33 45 34 46
3832	-103 46 -102 47
3836	-90 39 -89 40
3836	-91 33 -90 34
3840	-70 44 -69 45
3840	-92 37 -91 38
3844	-83 8 -82 9
3844	-95 58 -94 59
3844	70 34 71 35
3844	8 42 9 43
3848	-4 38 -3 39
3848	-78 46 -77 47
3848	104 11 105 12
3852	-116 44 -115 45
3852	28 45 29 46
3856	-106 53 -105 54
3856	-76 10 -75 11
3860	16 54 17 55
3860	76 43 77 44
3860	78 17 79 18
3872	16 57 17 58
3876	-63 46 -62 47
3884	15 57 16 58
3892	-95 31 -94 32
3892	69 61 70 62
3896	23 62 24 63
3900	42 61 43 62
3904	-98 27 -97 28
3908	-108 33 -107 34
3912	55 54 56 55
3916	0 50 1 51
3916	45 53 46 54
3920	-96 33 -95 34
3920	98 18 99 19
3932	-97 48 -96 49
3936	-116 60 -115 61
3936	-87 30 -86 31
3948	-9 51 -8 52
3956	-94 43 -93 44
3956	26 62 27 63
3960	-100 29 -99 30
3960	-60 52 -59 53
3964	131 43 132 44
3968	-100 47 -99 48
3968	32 54 33 55
3968	47 55 48 56
3976	40 57 41 58
3980	-91 43 -90 44
3980	-98 26 -97 27
3992	-97 43 -96 44
4000	-7 38 -6 39
4000	143 -38 144 -37
4004	-85 44 -84 45
4004	68 60 69 61
4008	-80 41 -79 42
4012	-91 47 -90 48
4012	-95 37 -94 38
4012	34 45 35 46
4020	-110 49 -109 50
4020	-87 40 -86 41
4028	-103 51 -102 52
4028	141 44 142 45
4028	22 62 23 63
4032	32 52 33 53
4040	45 54 46 55
4044	83 53 84 54
4056	166 -23 167 -22
4060	45 51 46 52
4064	91 53 92 54
4068	-127 50 -126 51
4068	-5 53 -4 54
4068	115 -33 116 -32
4072	38 57 39 58
4080	-125 40 -124 41
4080	21 37 22 38
4084	-117 47 -116 48
4084	13 38 14 39
4088	16 56 17 57
4096	99 18 100 19
4100	-127 49 -126 50
4100	176 -41 177 -40
4104	-76 36 -75 37
4108	-62 53 -61 54
4112	-103 69 -102 70
4112	-107 31 -106 32
4112	-4 57 -3 58
4112	-75 44 -74 45
4116	-55 49 -54 50
4116	-69 50 -68 51
4124	43 42 44 43
4128	-98 41 -97 42
4132	-107 53 -106 54
4132	-126 59 -125 60
4136	-86 40 -85 41
4140	24 42 25 43
4140	28 44 29 45
4148	-90 38 -89 39
4152	32 66 33 67
4156	35 52 36 53
4164	-4 39 -3 40
4164	25 56 26 57
4168	-101 25 -100 26
4172	35 54 36 55
4176	-96 42 -95 43
4180	-89 36 -88 37
4184	49 57 50 58
4192	86 55 87 56
4200	-98 34 -97 35
4208	-115 60 -114 61
4212	-105 32 -104 33
4212	-60 54 -59 55
4228	42 62 43 63
4228	47 -19 48 -18
4236	128 35 129 36
4240	24 41 25 42
4244	-104 69 -103 70
4244	23 51 24 52
4256	-119 62 -118 63
4256	-44 -20 -43 -19
4260	-65 56 -64 57
4264	24 48 25 49
4268	137 37 138 38
4272	28 49 29 50
4272	39 56 40 57
4276	-57 52 -56 53
4276	-71 44 -70 45
4280	43 49 44 50
4288	19 45 20 46
4288	66 56 67 57
4292	-114 60 -113 61
4296	-76 43 -75 44
4300	2 36 3 37
4304	12 37 13 38
4308	-102 52 -101 53
4312	27 58 28 59
4316	73 18 74 19
4324	-66 48 -65 49
4328	41 42 42 43
4336	125 7 126 8
4340	44 40 45 41
4344	-108 53 -107 54
4344	10 42 11 43
4344	61 54 62 55
4348	-123 61 -122 62
4348	-85 41 -84 42
4352	-79 -1 -78 0
4356	-9 29 -8 30
4360	-78 42 -77 43
4360	-84 30 -83 31
4364	173 -42 174 -41
4368	69 60 70 61
4372	16 41 17 42
4376	-1 54 0 55
4376	-91 14 -90 15
4380	-71 45 -70 46
4380	28 41 29 42
4384	-100 35 -99 36
4384	104 52 105 53
4388	25 65 26 66
4392	34 61 35 62
4396	41 43 42 44
4404	29 62 30 63
4408	27 59 28 60
4420	-124 43 -123 44
4424	-112 43 -111 44
4428	-112 45 -111 46
4432	28 46 29 47
4432	28 59 29 60
4436	27 60 28 61
4440	-53 4 -52 5
4444	-85 31 -84 32
4448	-121 42 -120 43
4452	-86 46 -85 47
4456	-94 40 -93 41
4460	43 54 44 55
4468	14 36 15 37
4472	-115 42 -114 43
4488	14 55 15 56
4500	26 54 27 55
4508	-91 39 -90 40
4508	3 41 4 42
4512	-10 51 -9 52
4516	-113 59 -112 60
4524	33 44 34 45
4528	-5 39 -4 40
4528	26 50 27 51
4536	55 57 56 58
4540	-111 32 -110 33
4540	56 59 57 60
4544	-110 52 -109 53
4548	46 51 47 52
4552	-112 42 -111 43
4560	174 -36 175 -35
4564	-110 38 -109 39
4564	-117 60 -116 61
4564	116 39 117 40
4564	77 13 78 14
4568	-89 39 -88 40
4568	30 56 31 57
4572	-48 -23 -47 -22
4580	-93 36 -92 37
4580	136 37 137 38
4584	-123 58 -122 59
4584	-63 56 -62 57
4592	58 51 59 52
4592	7 58 8 59
4596	-124 58 -123 59
4596	123 13 124 14
4596	32 39 33 40
4600	28 62 29 63
4604	-18 28 -17 29
4604	-93 38 -92 39
4604	23 41 24 42
4604	24 61 25 62
4608	-122 47 -121 48
4620	-121 57 -120 58
4620	-82 27 -81 28
4620	-82 38 -81 39
4620	56 58 57 59
4624	15 59 16 60
4628	-74 7 -73 8
4628	102 16 103 17
4636	-86 31 -85 32
4636	61 57 62 58
4640	-87 38 -86 39
4648	-123 44 -122 45
4652	-69 44 -68 45
4652	124 10 125 11
4656	-69 47 -68 48
4656	-99 55 -98 56
4656	20 43 21 44
4660	-97 39 -96 40
4660	82 54 83 55
4664	-101 47 -100 48
4664	-93 48 -92 49
4668	-113 48 -112 49
4668	32 15 33 16
4676	146 44 147 45
4680	-60 53 -59 54
4684	-92 29 -91 30
4688	-50 -26 -49 -25
4688	14 42 15 43
4688	45 41 46 42
4688	85 56 86 57
4692	-122 61 -121 62
4696	-130 56 -129 57
4696	20 46 21 47
4696	73 54 74 55
4708	-67 52 -66 53
4712	-88 38 -87 39
4716	19 54 20 55
4720	17 45 18 46
4724	-132 61 -131 62
4732	-77 48 -76 49
4732	-88 36 -87 37
4736	-99 19 -98 20
4736	34 54 35 55
4752	127 26 128 27
4756	33 60 34 61
4764	172 -42 173 -41
4764	34 50 35 51
4776	145 -39 146 -38
4780	-97 29 -96 30
4784	-63 49 -62 50
4788	-90 44 -89 45
4788	-97 50 -96 51
4788	17 40 18 41
4792	-95 34 -94 35
4796	59 56 60 57
4800	-66 54 -65 55
4804	39 64 40 65
4812	21 53 22 54
4812	29 61 30 62
4816	-115 53 -114 54
4820	-98 45 -97 46
4820	127 35 128 36
4820	175 -42 176 -41
4836	21 46 22 47
4844	38 51 39 52
4848	-109 53 -108 54
4852	82 55 83 56
4860	28 -27 29 -26
4860	43 55 44 56
4876	174 -40 175 -39
4880	-116 48 -115 49
4884	-86 44 -85 45
4884	60 55 61 56
4892	-85 42 -84 43
4900	-70 46 -69 47
4904	52 55 53 56
4908	-94 34 -93 35
4916	92 56 93 57
4924	-114 34 -113 35
4928	-6 39 -5 40
4928	39 50 40 51
4936	-128 50 -127 51
4936	-3 37 -2 38
4944	-124 60 -123 61
4948	28 -3 29 -2
4956	-76 4 -75 5
4956	-81 41 -80 42
4960	-98 55 -97 56
4984	-77 43 -76 44
4988	23 40 24 41
4996	43 48 44 49
5008	-92 45 -91 46
5008	27 38 28 39
5020	8 60 9 61
5028	-52 -30 -51 -29
5028	-81 27 -80 28
5036	37 47 38 48
5040	-61 45 -60 46
5040	-88 45 -87 46
5040	73 55 74 56
5044	-120 40 -119 41
5048	22 56 23 57
5048	27 54 28 55
5048	88 22 89 23
5052	-78 41 -77 42
5052	-78 43 -77 44
5056	-80 39 -79 40
5056	31 52 32 53
5060	-89 44 -88 45
5068	-6 41 -5 42
5072	56 54 57 55
5076	120 24 121 25
5080	-98 37 -97 38
5080	39 48 40 49
5084	29 46 30 47
5088	-99 30 -98 31
5092	-63 57 -62 58
5092	121 25 122 26
5108	170 -46 171 -45
5108	21 47 22 48
5112	30 52 31 53
5116	17 54 18 55
5128	-66 47 -65 48
5132	-90 35 -89 36
5136	106 10 107 11
5140	-97 28 -96 29
5140	8 41 9 42
5144	-2 40 -1 41
5148	-121 34 -120 35
5152	-89 40 -88 41
5152	30 46 31 47
5160	-82 31 -81 32
5168	-67 47 -66 48
5168	20 40 21 41
5172	-122 42 -121 43
5172	-87 35 -86 36
5172	29 -30 30 -29
5184	30 40 31 41
5200	-122 59 -121 60
5212	-83 29 -82 30
5216	-80 32 -79 33
5216	20 47 21 48
5220	-94 38 -93 39
5232	-96 32 -95 33
5236	-9 30 -8 31
5248	16 60 17 61
5252	20 41 21 42
5260	-87 41 -86 42
5260	24 49 25 50
5260	29 56 30 57
5264	116 -32 117 -31
5264	38 58 39 59
5268	-64 46 -63 47
5268	14 59 15 60
5272	-88 46 -87 47
5304	-3 57 -2 58
5304	-99 50 -98 51
5320	-77 42 -76 43
5324	13 37 14 38
5336	-3 41 -2 42
5336	-97 30 -96 31
5340	-120 49 -119 50
5344	-89 37 -88 38
5348	-90 37 -89 38
5352	-95 44 -94 45
5356	-103 53 -102 54
5356	-76 42 -75 43
5356	-98 31 -97 32
5356	115 -32 116 -31
5360	27 61 28 62
5364	-77 34 -76 35
5364	149 -36 150 -35
5364	48 58 49 59
5380	-73 7 -72 8
5384	-3 39 -2 40
5384	-96 38 -95 39
5408	-56 49 -55 50
5408	119 -10 120 -9
5412	-81 28 -80 29
5412	-92 38 -91 39
5416	-89 35 -88 36
5416	121 31 122 32
5420	-84 40 -83 41
5424	-135 60 -134 61
5428	-81 39 -80 40
5436	41 44 42 45
5444	34 44 35 45
5456	-115 51 -114 52
5476	-125 54 -124 55
5480	-10 29 -9 30
5480	-125 58 -124 59
5480	-80 42 -79 43
5484	3 39 4 40
5496	-113 35 -112 36
5496	-115 62 -114 63
5496	-127 59 -126 60
5496	18 45 19 46
5500	-137 61 -136 62
5500	-59 47 -58 48
5504	18 -34 19 -33
5516	150 -35 151 -34
5516	21 63 22 64
5520	-102 50 -101 51
5524	120 22 121 23
5524	50 58 51 59
5532	-1 41 0 42
5532	5 59 6 60
5544	15 56 16 57
5548	-96 36 -95 37
5552	19 42 20 43
5556	-79 46 -78 47
5556	-99 32 -98 33
5568	-123 48 -122 49
5568	27 57 28 58
5568	33 68 34 69
5572	16 39 17 40
5580	-112 41 -111 42
5584	9 41 10 42
5588	-70 41 -69 42
5604	22 54 23 55
5604	26 59 27 60
5608	-72 44 -71 45
5608	-79 41 -78 42
5608	-86 36 -85 37
5620	-111 53 -110 54
5628	-98 33 -97 34
5628	21 56 22 57
5632	-68 47 -67 48
5636	-96 39 -95 40
5672	-71 47 -70 48
5672	-92 40 -91 41
5672	-95 32 -94 33
5676	175 -39 176 -38
5676	22 44 23 45
5696	-2 41 -1 42
5696	-63 52 -62 53
5696	-94 46 -93 47
5716	-94 42 -93 43
5728	22 47 23 48
5728	38 54 39 55
5740	-68 45 -67 46
5748	-94 32 -93 33
5748	26 48 27 49
5752	5 58 6 59
5764	26 46 27 47
5768	23 58 24 59
5776	-87 32 -86 33
5780	16 58 17 59
5780	60 57 61 58
5796	17 61 18 62
5800	-93 37 -92 38
5800	121 24 122 25
5804	-80 47 -79 48
5804	41 45 42 46
5808	-92 39 -91 40
5808	25 44 26 45
5812	19 53 20 54
5816	-82 44 -81 45
5824	-115 50 -114 51
5824	30 53 31 54
5836	-68 53 -67 54
5836	59 55 60 56
5836	65 57 66 58
5852	38 53 39 54
5852	84 55 85 56
5872	-65 54 -64 55
5896	-98 29 -97 30
5920	-109 37 -108 38
5940	-99 51 -98 52
5944	-130 61 -129 62
5948	77 28 78 29
5952	-70 47 -69 48
5952	152 -28 153 -27
5964	-5 56 -4 57
5968	10 61 11 62
5968	174 -42 175 -41
5968	5 60 6 61
5984	24 55 25 56
5984	84 56 85 57
5992	-105 37 -104 38
6000	-123 46 -122 47
6004	-92 41 -91 42
6040	22 52 23 53
6044	126 37 127 38
6044	176 -39 177 -38
6052	-125 49 -124 50
6052	-76 49 -75 50
6052	-82 39 -81 40
6056	-66 46 -65 47
6056	16 53 17 54
6064	22 63 23 64
6068	101 3 102 4
6072	9 39 10 40
6080	61 56 62 57
6088	-75 42 -74 43
6088	24 53 25 54
6092	-88 34 -87 35
6092	27 46 28 47
6096	27 62 28 63
6104	-87 37 -86 38
6108	96 21 97 22
6112	-92 46 -91 47
6116	9 59 10 60
6132	-113 34 -112 35
6132	-120 39 -119 40
6136	11 58 12 59
6144	-74 43 -73 44
6144	22 37 23 38
6156	-55 -27 -54 -26
6164	47 56 48 57
6168	-68 48 -67 49
6176	-59 52 -58 53
6188	-95 29 -94 30
6188	-95 35 -94 36
6188	127 37 128 38
6196	9 42 10 43
6208	122 10 123 11
6216	-102 47 -101 48
6220	-62 54 -61 55
6228	74 62 75 63
6232	26 47 27 48
6256	143 44 144 45
6260	-126 58 -125 59
6264	19 43 20 44
6268	-5 57 -4 58
6280	-114 35 -113 36
6284	22 39 23 40
6288	29 40 30 41
6288	49 53 50 54
6296	-136 61 -135 62
6308	-64 52 -63 53
6312	-4 54 -3 55
6316	112 -8 113 -7
6320	-84 39 -83 40
6332	-103 52 -102 53
6336	-88 37 -87 38
6340	2 39 3 40
6340	26 55 27 56
6356	129 32 130 33
6360	-7 40 -6 41
6376	-96 41 -95 42
6380	30 54 31 55
6396	21 45 22 46
6396	36 56 37 57
6408	-117 43 -116 44
6420	-80 38 -79 39
6424	49 55 50 56
6428	-114 48 -113 49
6428	-67 54 -66 55
6428	-92 30 -91 31
6432	-86 39 -85 40
6444	-59 48 -58 49
6448	19 44 20 45
6448	26 61 27 62
6448	8 39 9 40
6456	-86 41 -85 42
6460	23 44 24 45
6464	-116 36 -115 37
6464	-122 53 -121 54
6464	-85 36 -84 37
6472	-76 47 -75 48
6476	38 48 39 49
6496	18 52 19 53
6500	-101 51 -100 52
6508	35 33 36 34
6512	-100 19 -99 20
6512	-57 47 -56 48
6520	-125 47 -124 48
6520	-3 40 -2 41
6528	-124 53 -123 54
6536	-92 31 -91 32
6536	22 58 23 59
6540	-7 54 -6 55
6540	-8 37 -7 38
6548	-96 49 -95 50
6556	-63 54 -62 55
6580	-66 45 -65 46
6600	16 38 17 39
6604	-5 51 -4 52
6612	-97 47 -96 48
6616	-6 42 -5 43
6616	52 52 53 53
6628	16 59 17 60
6632	-117 44 -116 45
6640	8 40 9 41
6656	37 44 38 45
6668	-6 37 -5 38
6668	-92 47 -91 48
6684	10 36 11 37
6688	-65 46 -64 47
6688	56 57 57 58
6700	-80 46 -79 47
6704	-115 48 -114 49
6708	-86 42 -85 43
6708	83 54 84 55
6712	6 58 7 59
6720	150 -34 151 -33
6740	-108 37 -107 38
6744	21 40 22 41
6744	24 57 25 58
6752	-74 48 -73 49
6760	-74 44 -73 45
6768	-107 35 -106 36
6768	-83 31 -82 32
6792	-97 44 -96 45
6796	-79 42 -78 43
6800	120 15 121 16
6812	40 43 41 44
6812	48 55 49 56
6828	-122 56 -121 57
6828	177 -39 178 -38
6828	3 36 4 37
6840	-125 56 -124 57
6852	-84 41 -83 42
6856	34 53 35 54
6856	35 48 36 49
6856	42 42 43 43
6860	17 52 18 53
6864	-85 40 -84 41
6864	-96 44 -95 45
6864	38 52 39 53
6868	-126 49 -125 50
6868	-93 34 -92 35
6884	-107 40 -106 41
6884	-122 50 -121 51
6888	24 54 25 55
6892	-7 41 -6 42
6904	-67 46 -66 47
6908	31 59 32 60
6916	14 57 15 58
6928	-7 37 -6 38
6928	-96 43 -95 44
6936	-96 34 -95 35
6948	-68 54 -67 55
6948	-72 47 -71 48
6948	10 57 11 58
6956	25 47 26 48
6964	-93 40 -92 41
6968	-124 46 -123 47
6972	-79 43 -78 44
6976	-97 49 -96 50
6984	44 56 45 57
6988	-8 52 -7 53
6992	-7 43 -6 44
6992	24 44 25 45
6996	175 -38 176 -37
7004	26 45 27 46
7016	110 -8 111 -7
7020	-91 45 -90 46
7024	29 59 30 60
7040	-121 59 -120 60
7056	32 59 33 60
7076	22 41 23 42
7080	-119 33 -118 34
7088	173 -36 174 -35
7092	-117 32 -116 33
7092	-123 42 -122 43
7092	-69 49 -68 50
7092	-95 30 -94 31
7092	113 22 114 23
7104	30 -30 31 -29
7108	-95 47 -94 48
7108	19 46 20 47
7108	25 61 26 62
7128	-118 35 -117 36
7132	22 45 23 46
7144	-66 43 -65 44
7180	-66 53 -65 54
7184	18 46 19 47
7188	-88 30 -87 31
7192	25 48 26 49
7196	-58 47 -57 48
7196	15 44 16 45
7204	172 -44 173 -43
7208	-61 54 -60 55
7232	-75 49 -74 50
7232	-88 33 -87 34
7248	-75 48 -74 49
7248	-94 30 -93 31
7260	-73 44 -72 45
7264	28 47 29 48
7272	21 61 22 62
7280	-6 36 -5 37
7288	-77 45 -76 46
7308	-97 45 -96 46
7316	-97 40 -96 41
7320	-64 53 -63 54
7320	21 55 22 56
7340	26 57 27 58
7344	25 46 26 47
7352	-1 40 0 41
7352	-65 45 -64 46
7360	23 52 24 53
7368	-75 47 -74 48
7368	15 60 16 61
7380	-86 37 -85 38
7380	-89 43 -88 44
7384	-67 53 -66 54
7392	-82 29 -81 30
7392	20 54 21 55
7396	-69 48 -68 49
7404	21 42 22 43
7428	-86 32 -85 33
7436	-4 52 -3 53
7456	22 60 23 61
7468	21 41 22 42
7468	37 54 38 55
7472	-83 38 -82 39
7480	16 40 17 41
7488	-68 46 -67 47
7488	123 10 124 11
7492	-91 44 -90 45
7508	-96 47 -95 48
7520	25 55 26 56
7528	-95 43 -94 44
7544	35 50 36 51
7548	-93 47 -92 48
7556	-92 43 -91 44
7564	-74 47 -73 48
7580	-8 40 -7 41
7580	11 42 12 43
7608	-117 33 -116 34
7608	143 42 144 43
7612	-56 47 -55 48
7620	-84 38 -83 39
7628	25 49 26 50
7640	176 -40 177 -39
7656	-110 53 -109 54
7660	-5 36 -4 37
7660	-85 30 -84 31
7660	-99 49 -98 50
7684	-5 41 -4 42
7692	118 -9 119 -8
7692	18 42 19 43
7712	134 33 135 34
7740	25 59 26 60
7744	-82 40 -81 41
7768	20 51 21 52
7788	25 57 26 58
7792	-84 31 -83 32
7796	100 13 101 14
7796	19 52 20 53
7800	-94 36 -93 37
7808	-9 53 -8 54
7812	-120 50 -119 51
7816	-94 37 -93 38
7816	-95 42 -94 43
7820	123 11 124 12
7820	145 43 146 44
7820	22 49 23 50
7828	-124 44 -123 45
7836	-3 38 -2 39
7844	-1 50 0 51
7860	-93 30 -92 31
7864	37 56 38 57
7868	15 58 16 59
7876	-97 36 -96 37
7880	39 52 40 53
7892	-9 54 -8 55
7924	12 56 13 57
7936	-8 54 -7 55
7940	-93 43 -92 44
7940	0 40 1 41
7956	22 42 23 43
7960	-82 30 -81 31
7972	-61 14 -60 15
7992	22 48 23 49
7992	25 42 26 43
7996	-96 45 -95 46
8000	-96 50 -95 51
8012	-93 46 -92 47
8012	10 60 11 61
8024	-54 47 -53 48
8024	-64 56 -63 57
8032	38 45 39 46
8044	-77 46 -76 47
8048	14 56 15 57
8060	-103 47 -102 48
8068	-83 39 -82 40
8068	21 38 22 39
8068	24 45 25 46
8080	15 38 16 39
8084	27 43 28 44
8096	-61 46 -60 47
8100	141 42 142 43
8104	-66 44 -65 45
8116	36 50 37 51
8124	29 -4 30 -3
8128	20 39 21 40
8132	-82 33 -81 34
8152	-9 52 -8 53
8164	175 -40 176 -39
8176	-97 34 -96 35
8176	23 37 24 38
8188	-97 33 -96 34
8196	-101 49 -100 50
8196	-65 53 -64 54
8212	-73 48 -72 49
8228	10 63 11 64
8236	36 49 37 50
8268	-121 53 -120 54
8280	175 -41 176 -40
8296	-81 33 -80 34
8304	-73 47 -72 48
8304	28 61 29 62
8312	39 54 40 55
8320	-105 38 -104 39
8328	8 54 9 55
8332	23 55 24 56
8348	-96 30 -95 31
8356	20 42 21 43
8368	-63 53 -62 54
8372	-57 50 -56 51
8376	132 35 133 36
8376	55 25 56 26
8384	122 11 123 12
8416	-82 32 -81 33
8424	-94 47 -93 48
8444	37 48 38 49
8492	-8 53 -7 54
8492	29 60 30 61
8496	-59 53 -58 54
8508	11 59 12 60
8516	100 -1 101 0
8516	22 55 23 56
8528	15 41 16 42
8544	23 47 24 48
8552	-77 47 -76 48
8580	-124 45 -123 46
8584	-8 41 -7 42
8604	14 45 15 46
8624	-2 37 -1 38
8624	-96 46 -95 47
8632	-102 53 -101 54
8632	17 62 18 63
8636	22 40 23 41
8644	-87 36 -86 37
8644	15 53 16 54
8668	-95 38 -94 39
8672	21 39 22 40
8700	-76 48 -75 49
8728	127 36 128 37
8728	25 62 26 63
8800	39 45 40 46
8804	-57 51 -56 52
8808	-92 42 -91 43
8836	39 43 40 44
8848	-123 53 -122 54
8856	-106 37 -105 38
8856	33 47 34 48
8876	-89 46 -88 47
8884	-65 44 -64 45
8892	23 50 24 51
8900	-75 4 -74 5
8904	22 46 23 47
8936	-5 37 -4 38
8964	23 49 24 50
8988	-2 42 -1 43
9012	-90 43 -89 44
9016	-99 35 -98 36
9040	120 23 121 24
9060	-70 48 -69 49
9088	-77 35 -76 36
9088	-87 34 -86 35
9100	-58 49 -57 50
9108	142 42 143 43
9140	-56 48 -55 49
9140	-86 35 -85 36
9144	44 41 45 42
9148	23 45 24 46
9148	37 51 38 52
9156	-2 39 -1 40
9156	-84 37 -83 38
9172	-62 45 -61 46
9196	-84 36 -83 37
9204	-98 48 -97 49
9216	-73 43 -72 44
9216	13 54 14 55
9220	-6 40 -5 41
9232	13 43 14 44
9236	-64 55 -63 56
9256	21 50 22 51
9276	11 54 12 55
9284	-79 40 -78 41
9284	124 11 125 12
9320	9 40 10 41
9324	-55 48 -54 49
9348	29 -2 30 -1
9384	-66 52 -65 53
9384	36 55 37 56
9388	49 58 50 59
9392	-90 45 -89 46
9400	-100 50 -99 51
9408	-5 50 -4 51
9412	50 53 51 54
9424	-114 52 -113 53
9428	-82 37 -81 38
9432	-2 55 -1 56
9436	-93 41 -92 42
9460	77 12 78 13
9476	131 31 132 32
9480	-9 37 -8 38
9500	-6 57 -5 58
9508	-5 42 -4 43
9512	18 4 19 5
9520	-81 25 -80 26
9540	-63 55 -62 56
9544	103 1 104 2
9564	24 58 25 59
9572	22 53 23 54
9584	-124 39 -123 40
9588	-7 42 -6 43
9596	-57 49 -56 50
9616	-4 41 -3 42
9640	-63 45 -62 46
9676	-71 43 -70 44
9688	-56 -28 -55 -27
9696	-79 33 -78 34
9704	20 44 21 45
9708	-98 49 -97 50
9728	14 40 15 41
9752	20 53 21 54
9768	25 45 26 46
9788	-94 31 -93 32
9808	-95 41 -94 42
9812	-100 36 -99 37
9840	-94 50 -93 51
9872	73 61 74 62
9928	17 53 18 54
9960	34 48 35 49
9964	-98 36 -97 37
9972	-87 46 -86 47
9976	24 47 25 48
9984	-4 37 -3 38
9984	-85 37 -84 38
9984	15 45 16 46
10004	-71 48 -70 49
10004	-90 42 -89 43
10008	-82 43 -81 44
10012	-77 41 -76 42
10012	138 34 139 35
10024	-7 52 -6 53
10040	-65 52 -64 53
10040	-81 42 -80 43
10040	-83 32 -82 33
10048	-82 26 -81 27
10052	-8 43 -7 44
10052	17 46 18 47
10116	-55 47 -54 48
10140	23 54 24 55
10184	23 42 24 43
10200	-81 45 -80 46
10208	28 60 29 61
10220	-100 49 -99 50
10256	-9 43 -8 44
10268	-102 51 -101 52
10312	-124 47 -123 48
10328	-72 48 -71 49
10368	23 56 24 57
10400	21 51 22 52
10408	-81 44 -80 45
10428	-9 39 -8 40
10432	34 32 35 33
10440	-102 54 -101 55
10448	23 46 24 47
10456	-22 64 -21 65
10456	-78 45 -77 46
10464	-125 48 -124 49
10464	39 57 40 58
10468	36 54 37 55
10472	151 -34 152 -33
10500	-71 46 -70 47
10536	-109 39 -108 40
10536	140 41 141 42
10540	-76 38 -75 39
10548	-85 46 -84 47
10588	-95 46 -94 47
10592	11 60 12 61
10600	-79 39 -78 40
10608	-64 54 -63 55
10632	-76 41 -75 42
10640	-82 41 -81 42
10640	138 -35 139 -34
10640	69 41 70 42
10652	23 61 24 62
10664	114 22 115 23
10672	61 55 62 56
10744	-121 40 -120 41
10744	-78 40 -77 41
10756	-88 42 -87 43
10760	-4 56 -3 57
10780	-83 40 -82 41
10808	-91 40 -90 41
10872	-97 41 -96 42
10872	8 55 9 56
10912	-95 45 -94 46
10916	32 2 33 3
10984	-92 44 -91 45
10996	-73 19 -72 20
11012	-72 43 -71 44
11012	13 42 14 43
11088	-119 36 -118 37
11092	-124 54 -123 55
11108	-58 48 -57 49
11132	153 -28 154 -27
11136	39 47 40 48
11152	-109 38 -108 39
11164	-123 39 -122 40
11176	-95 36 -94 37
11208	-41 -21 -40 -20
11208	-86 38 -85 39
11212	39 44 40 45
11216	30 55 31 56
11220	-44 -23 -43 -22
11224	-2 38 -1 39
11244	-121 49 -120 50
11256	-3 50 -2 51
11268	-122 49 -121 50
11268	35 31 36 32
11276	-74 46 -73 47
11280	-122 55 -121 56
11280	139 38 140 39
11280	23 53 24 54
11284	-123 54 -122 55
11300	39 51 40 52
11328	25 54 26 55
11344	135 33 136 34
11376	18 44 19 45
11388	-62 10 -61 11
11408	-89 42 -88 43
11412	-99 36 -98 37
11424	-6 56 -5 57
11492	26 44 27 45
11516	-72 45 -71 46
11520	-95 39 -94 40
11524	-118 34 -117 35
11528	-101 54 -100 55
11540	-99 47 -98 48
11576	-81 26 -80 27
11584	-64 45 -63 46
11596	40 56 41 57
11604	-112 40 -111 41
11624	-83 37 -82 38
11628	-85 38 -84 39
11648	3 42 4 43
11700	-83 28 -82 29
11704	-121 56 -120 57
11780	13 41 14 42
11788	142 44 143 45
11812	-107 37 -106 38
11816	-93 45 -92 46
11824	14 41 15 42
11832	-6 43 -5 44
11836	-122 41 -121 42
11848	85 27 86 28
11852	-80 40 -79 41
11860	-91 41 -90 42
11864	-98 30 -97 31
11876	74 42 75 43
11884	-124 55 -123 56
11888	-120 34 -119 35
11952	24 46 25 47
11964	-5 43 -4 44
11980	144 -38 145 -37
11992	-121 54 -120 55
12084	-123 56 -122 57
12100	-83 33 -82 34
12108	140 42 141 43
12128	-112 33 -111 34
12128	-91 42 -90 43
12172	-59 -35 -58 -34
12220	55 -21 56 -20
12252	-64 44 -63 45
12260	-121 50 -120 51
12324	-5 47 -4 48
12364	27 47 28 48
12368	-67 18 -66 19
12492	25 58 26 59
12500	-80 33 -79 34
12504	34 31 35 32
12512	-75 46 -74 47
12516	-76 46 -75 47
12544	-124 42 -123 43
12564	-57 -35 -56 -34
12572	-81 34 -80 35
12580	-10 38 -9 39
12604	-83 42 -82 43
12612	-124 56 -123 57
12644	174 -37 175 -36
12644	22 38 23 39
12680	20 50 21 51
12712	-98 46 -97 47
12728	-9 40 -8 41
12744	-87 33 -86 34
12764	-90 46 -89 47
12776	-57 48 -56 49
12788	-107 36 -106 37
12796	-72 -34 -71 -33
12832	-10 53 -9 54
12864	-98 32 -97 33
12896	-81 40 -80 41
12904	-106 38 -105 39
12908	-76 44 -75 45
12988	-122 54 -121 55
13016	2 51 3 52
13080	36 51 37 52
13092	11 57 12 58
13100	-99 29 -98 30
13104	-73 41 -72 42
13112	9 57 10 58
13148	22 50 23 51
13160	23 38 24 39
13184	18 51 19 52
13264	38 56 39 57
13436	17 47 18 48
13444	12 53 13 54
13452	15 40 16 41
13460	-71 -34 -70 -33
13488	12 57 13 58
13500	-62 14 -61 15
13524	-3 54 -2 55
13548	-106 40 -105 41
13548	-121 36 -120 37
13556	-73 18 -72 19
13588	26 60 27 61
13604	-123 38 -122 39
13628	-95 49 -94 50
13632	-85 32 -84 33
13672	145 -38 146 -37
13692	146 -42 147 -41
13700	16 46 17 47
13704	142 43 143 44
13752	-124 49 -123 50
13804	-17 28 -16 29
13816	26 58 27 59
13820	-5 40 -4 41
13832	-77 37 -76 38
13840	-82 34 -81 35
13840	-90 31 -89 32
13972	-124 48 -123 49
13988	19 47 20 48
14012	-1 42 0 43
14012	-8 42 -7 43
14032	16 52 17 53
14096	-108 38 -107 39
14096	12 52 13 53
14144	-95 57 -94 58
14220	-1 39 0 40
14220	-83 27 -82 28
14224	15 51 16 52
14248	-114 53 -113 54
14260	-121 38 -120 39
14268	16 44 17 45
14288	-101 50 -100 51
14332	38 44 39 45
14392	16 45 17 46
14428	-113 33 -112 34
14456	0 41 1 42
14484	-3 46 -2 47
14492	-105 39 -104 40
14512	-97 46 -96 47
14512	24 56 25 57
14600	-91 29 -90 30
14620	141 38 142 39
14708	-97 32 -96 33
14712	13 53 14 54
14744	30 60 31 61
14768	22 51 23 52
14776	-4 53 -3 54
14784	60 56 61 57
14808	116 -9 117 -8
14832	-94 45 -93 46
14864	-108 39 -107 40
14936	144 -39 145 -38
14952	-87 39 -86 40
15016	30 50 31 51
15064	27 53 28 54
15096	-107 38 -106 39
15096	-2 44 -1 45
15108	10 56 11 57
15164	-5 55 -4 56
15200	-119 37 -118 38
15232	-91 30 -90 31
15324	18 43 19 44
15332	35 32 36 33
15348	-85 47 -84 48
15360	-89 41 -88 42
15400	0 42 1 43
15484	-78 34 -77 35
15500	-80 45 -79 46
15568	119 -6 120 -5
15572	-67 45 -66 46
15572	-81 37 -80 38
15728	129 33 130 34
15732	-73 46 -72 47
15768	-75 41 -74 42
15784	-86 33 -85 34
15800	-3 42 -2 43
15804	-122 40 -121 41
15896	-92 48 -91 49
15904	15 37 16 38
16024	-100 48 -99 49
16084	43 56 44 57
16088	-75 45 -74 46
16164	-73 45 -72 46
16188	-91 38 -90 39
16208	-79 38 -78 39
16240	133 35 134 36
16248	-121 41 -120 42
16264	14 37 15 38
16272	-98 47 -97 48
16316	44 48 45 49
16400	12 54 13 55
16404	18 47 19 48
16528	143 43 144 44
16564	-121 37 -120 38
16616	40 64 41 65
16692	21 52 22 53
16744	120 14 121 15
16816	121 14 122 15
16824	-47 -24 -46 -23
16824	-77 40 -76 41
16880	-93 44 -92 45
16904	-90 41 -89 42
16924	-4 42 -3 43
16948	-4 43 -3 44
16972	-85 35 -84 36
17004	14 52 15 53
17016	16 43 17 44
17028	18 53 19 54
17136	-74 41 -73 42
17200	11 55 12 56
17232	11 53 12 54
17256	8 56 9 57
17272	-96 35 -95 36
17308	-106 39 -105 40
17320	134 35 135 36
17400	15 52 16 53
17464	-122 39 -121 40
17468	-91 31 -90 32
17584	20 48 21 49
17692	133 33 134 34
17700	-79 45 -78 46
17716	19 51 20 52
17812	9 56 10 57
17868	106 -7 107 -6
17892	8 46 9 47
17896	17 43 18 44
17988	-93 31 -92 32
18072	24 59 25 60
18088	-89 30 -88 31
18168	1 51 2 52
18260	17 44 18 45
18288	-3 43 -2 44
18432	20 52 21 53
18560	-124 41 -123 42
18580	-99 48 -98 49
18608	-77 36 -76 37
18628	131 34 132 35
18800	7 44 8 45
18812	136 36 137 37
18896	-7 53 -6 54
18988	-4 55 -3 56
19028	-79 37 -78 38
19156	5 48 6 49
19188	1 42 2 43
19236	-107 39 -106 40
19272	21 49 22 50
19304	-81 32 -80 33
19340	-123 49 -122 50
19424	144 43 145 44
19448	12 42 13 43
19456	14 53 15 54
19540	38 55 39 56
19564	-123 41 -122 42
19624	-124 40 -123 41
19676	-1 38 0 39
19684	141 43 142 44
19700	141 40 142 41
19776	-78 44 -77 45
19800	-121 55 -120 56
19848	-2 54 -1 55
19860	10 54 11 55
19880	-3 55 -2 56
19932	10 55 11 56
20024	-86 34 -85 35
20200	-75 39 -74 40
20224	12 41 13 42
20260	-122 38 -121 39
20276	-62 16 -61 17
20332	-77 44 -76 45
20336	-118 32 -117 33
20356	-9 41 -8 42
20520	137 34 138 35
20540	4 47 5 48
20576	-72 46 -71 47
20588	130 31 131 32
20704	2 46 3 47
20748	-2 45 -1 46
20756	20 49 21 50
20804	-80 44 -79 45
20828	-121 39 -120 40
20916	-4 50 -3 51
21016	18 54 19 55
21092	-122 36 -121 37
21092	40 44 41 45
21112	-78 35 -77 36
21132	-84 46 -83 47
21260	-77 38 -76 39
21332	1 52 2 53
21468	-83 36 -82 37
21480	-9 42 -8 43
21520	131 33 132 34
21540	12 43 13 44
21648	16 51 17 52
21732	-96 29 -95 30
21776	135 35 136 36
21848	-123 45 -122 46
22028	-78 39 -77 40
22060	131 32 132 33
22084	17 51 18 52
22216	-120 37 -119 38
22608	-4 51 -3 52
22676	-84 32 -83 33
22732	-119 35 -118 36
22740	137 36 138 37
22776	-80 34 -79 35
22848	-74 42 -73 43
22968	-79 44 -78 45
23048	132 33 133 34
23232	-82 35 -81 36
23348	138 37 139 38
23400	13 55 14 56
23440	10 46 11 47
23456	-2 50 -1 51
23484	-78 37 -77 38
23528	-1 53 0 54
23564	4 49 5 50
23564	55 -22 56 -21
23584	-1 49 0 50
23676	-83 34 -82 35
23784	9 46 10 47
23808	140 40 141 41
23892	17 50 18 51
23944	21 48 22 49
24080	-84 35 -83 36
24116	-76 45 -75 46
24228	-123 40 -122 41
24244	-82 42 -81 43
24348	4 48 5 49
24464	-82 36 -81 37
24484	18 59 19 60
24600	5 49 6 50
24604	-81 43 -80 44
24668	-84 33 -83 34
24716	19 48 20 49
24964	3 44 4 45
24996	-94 44 -93 45
25032	10 43 11 44
25128	-1 52 0 53
25136	134 34 135 35
25344	-80 37 -79 38
25436	-123 55 -122 56
25456	14 47 15 48
25824	-2 49 -1 50
25832	7 53 8 54
25904	17 59 18 60
25940	-79 34 -78 35
25948	-84 34 -83 35
26052	11 52 12 53
26060	-76 39 -75 40
26064	-76 40 -75 41
26192	-74 45 -73 46
26348	-3 52 -2 53
26392	140 39 141 40
26404	25 60 26 61
26460	-83 35 -82 36
26464	-81 46 -80 47
26484	-90 40 -89 41
26848	-119 34 -118 35
27052	-2 51 -1 52
27180	-84 42 -83 43
27196	141 39 142 40
27252	3 48 4 49
27336	-4 40 -3 41
27340	0 52 1 53
27448	-97 35 -96 36
27792	3 46 4 47
27984	19 49 20 50
28008	-82 28 -81 29
28012	-83 46 -82 47
28088	16 47 17 48
28256	2 45 3 46
28264	-82 46 -81 47
28292	-94 41 -93 42
28540	6 44 7 45
28544	-120 35 -119 36
28548	-85 39 -84 40
28568	14 46 15 47
28576	5 53 6 54
28656	-121 35 -120 36
28716	3 47 4 48
28764	-122 37 -121 38
28768	11 43 12 44
28784	2 41 3 42
28852	140 35 141 36
28936	136 34 137 35
28968	-85 34 -84 35
29256	-72 41 -71 42
29304	-90 30 -89 31
29408	-98 35 -97 36
29420	30 59 31 60
29464	15 46 16 47
29524	2 47 3 48
29668	-81 36 -80 37
29720	10 51 11 52
30136	133 34 134 35
30396	12 44 13 45
30692	-78 36 -77 37
30712	140 36 141 37
30948	0 48 1 49
30996	8 44 9 45
31000	11 3 12 4
31056	9 54 10 55
31392	130 32 131 33
31560	1 50 2 51
31696	24 60 25 61
32328	1 44 2 45
32356	15 48 16 49
32412	-81 35 -80 36
32616	138 35 139 36
32856	1 41 2 42
32988	7 45 8 46
33324	-4 47 -3 48
33344	139 37 140 38
33520	-120 36 -119 37
33668	140 38 141 39
33692	16 50 17 51
33848	10 59 11 60
34056	-77 39 -76 40
34208	14 51 15 52
34412	-79 36 -78 37
34524	5 44 6 45
34840	1 46 2 47
34948	-118 33 -117 34
35128	1 48 2 49
35900	13 45 14 46
36040	-90 29 -89 30
36308	1 47 2 48
36460	-1 48 0 49
36644	18 48 19 49
36732	3 49 4 50
36900	0 49 1 50
37212	138 36 139 37
37332	12 49 13 50
37532	5 47 6 48
37916	-3 51 -2 52
38060	132 34 133 35
38240	11 51 12 52
38604	10 50 11 51
38900	3 51 4 52
39192	139 36 140 37
39196	-80 36 -79 37
39204	9 55 10 56
39392	137 35 138 36
39476	0 44 1 45
39492	-80 35 -79 36
39744	140 37 141 38
40132	-123 37 -122 38
40992	8 45 9 46
41296	-3 48 -2 49
41452	12 51 13 52
41548	-2 43 -1 44
41680	0 45 1 46
42668	13 51 14 52
42712	15 47 16 48
43244	19 50 20 51
43700	8 53 9 54
43720	12 48 13 49
43904	10 52 11 53
43960	1 45 2 46
44000	130 33 131 34
44196	7 52 8 53
44224	136 35 137 36
44412	7 43 8 44
44612	-123 47 -122 48
44616	-85 33 -84 34
44684	-3 53 -2 54
44696	-71 42 -70 43
44784	-78 38 -77 39
44856	-5 48 -4 49
44872	18 50 19 51
44968	9 44 10 45
45064	9 52 10 53
45400	2 44 3 45
45452	12 46 13 47
45476	-4 48 -3 49
45600	12 55 13 56
45876	13 49 14 50
46056	17 48 18 49
46408	13 48 14 49
46780	-74 40 -73 41
46908	9 53 10 54
46936	2 43 3 44
47412	9 51 10 52
47664	0 43 1 44
48040	11 50 12 51
48512	13 46 14 47
48584	15 49 16 50
48840	1 49 2 50
49268	10 49 11 50
49848	7 46 8 47
50352	-1 43 0 44
51328	6 45 7 46
51376	0 51 1 52
51500	2 42 3 43
51764	11 46 12 47
52180	12 47 13 48
52476	17 49 18 50
53012	13 47 14 48
53028	7 49 8 50
53112	10 47 11 48
53216	10 53 11 54
53292	16 49 17 50
53500	13 50 14 51
53664	-73 42 -72 43
53872	10 45 11 46
55292	-2 53 -1 54
55988	11 47 12 48
56168	8 52 9 53
56196	10 48 11 49
56196	5 46 6 47
57028	-75 40 -74 41
57064	6 47 7 48
57068	6 48 7 49
57272	14 49 15 50
57736	37 55 38 56
57812	-1 44 0 45
57956	12 50 13 51
58036	-79 35 -78 36
58204	6 53 7 54
58292	4 43 5 44
58304	8 51 9 52
58308	135 34 136 35
58576	0 46 1 47
58792	15 50 16 51
59356	5 50 6 51
59360	9 50 10 51
59852	3 45 4 46
60212	11 44 12 45
60300	-1 45 0 46
61140	-71 41 -70 42
62780	13 52 14 53
63028	9 49 10 50
63172	16 48 17 49
63212	0 47 1 48
63752	6 43 7 44
64880	10 44 11 45
64884	3 43 4 44
65108	2 49 3 50
65340	9 47 10 48
66828	11 49 12 50
67048	-80 43 -79 44
67580	-3 47 -2 48
68420	4 46 5 47
69064	14 48 15 49
69532	18 49 19 50
70108	-1 47 0 48
70436	9 45 10 46
72608	7 50 8 51
72888	4 44 5 45
75208	6 46 7 47
76976	-2 48 -1 49
77152	-88 41 -87 42
77888	6 49 7 50
77948	8 48 9 49
78864	6 50 7 51
80424	14 50 15 51
81680	-1 46 0 47
82420	4 50 5 51
86932	-2 52 -1 53
86948	-1 51 0 52
87516	11 48 12 49
88736	139 35 140 36
91012	-2 46 -1 47
91500	8 50 9 51
91860	9 48 10 49
96092	5 45 6 46
96252	1 43 2 44
97304	-2 47 -1 48
97528	2 50 3 51
99000	8 47 9 48
100116	12 45 13 46
100668	8 49 9 50
105244	7 47 8 48
108604	11 45 12 46
111000	7 48 8 49
115920	4 45 5 46
131624	3 50 4 51
133052	5 43 6 44
152876	5 52 6 53
154504	7 51 8 52
155844	4 52 5 53
159220	4 51 5 52
166456	6 52 7 53
168108	-72 42 -71 43
171840	6 51 7 52
191092	5 51 6 52
240052	2 48 3 49
