21	-174 -19 -173 -18
21	-152 -23 -151 -22
21	-135 -24 -134 -23
21	-112 18 -111 19
21	-70 12 -69 13
21	-66 -46 -65 -45
21	-62 -40 -61 -39
21	-57 -38 -56 -37
21	-39 -16 -38 -15
26	-180 -19 -179 -18
26	-175 -22 -174 -21
26	-170 -20 -169 -19
26	-158 1 -157 2
26	-80 -9 -79 -8
26	-39 -55 -38 -54
26	-38 -54 -37 -53
31	-151 -17 -150 -16
31	-75 -42 -74 -41
31	-61 10 -60 11
31	-58 -36 -57 -35
31	-50 1 -49 2
36	-175 -19 -174 -18
36	-172 -15 -171 -14
36	-76 -53 -75 -52
36	-72 -56 -71 -55
36	-65 -44 -64 -43
36	-51 -32 -50 -31
42	-179 -19 -178 -18
42	-178 -30 -177 -29
42	-177 -44 -176 -43
42	-160 -22 -159 -21
42	-141 -8 -140 -7
42	-110 -28 -109 -27
42	-91 -2 -90 -1
42	-91 0 -90 1
42	-82 -7 -81 -6
42	-78 -13 -77 -12
42	-73 12 -72 13
42	-67 -47 -66 -46
42	-60 -53 -59 -52
42	-35 -7 -34 -6
47	-179 -18 -178 -17
47	-179 -15 -178 -14
47	-145 -28 -144 -27
47	-58 -52 -57 -51
47	-50 0 -49 1
47	-40 -20 -39 -19
52	-111 18 -110 19
52	-64 -42 -63 -41
52	-61 9 -60 10
52	-35 -9 -34 -8
52	-27 -58 -26 -57
57	-180 -18 -179 -17
57	-176 -20 -175 -19
57	-41 -22 -40 -21
57	-28 -57 -27 -56
62	-170 -15 -169 -14
62	-68 -54 -67 -53
62	-65 11 -64 12
62	-61 -30 -60 -29
62	-58 -39 -57 -38
62	-44 -24 -43 -23
62	-41 -3 -40 -2
62	-27 -60 -26 -59
68	-76 -45 -75 -44
68	-60 8 -59 9
73	-90 -1 -89 0
73	-48 -26 -47 -25
73	-28 -60 -27 -59
78	-64 -55 -63 -54
78	-39 -14 -38 -13
83	-67 -46 -66 -45
83	-66 -48 -65 -47
83	-62 9 -61 10
83	-54 -35 -53 -34
83	-45 -2 -44 -1
83	-42 -3 -41 -2
88	-177 -45 -176 -44
88	-140 -9 -139 -8
88	-79 -34 -78 -33
88	-76 -46 -75 -45
88	-64 -43 -63 -42
94	-81 -34 -80 -33
94	-54 -34 -53 -33
94	-49 -1 -48 0
99	-64 -3 -63 -2
99	-60 -29 -59 -28
99	-52 -32 -51 -31
109	-171 -15 -170 -14
109	-141 -10 -140 -9
109	-62 -52 -61 -51
109	-27 -59 -26 -58
114	-77 9 -76 10
120	-92 0 -91 1
120	-72 -28 -71 -27
125	-60 -30 -59 -29
125	-58 6 -57 7
125	-53 -33 -52 -32
130	-139 -11 -138 -10
130	-51 2 -50 3
140	-63 -41 -62 -40
140	-61 -33 -60 -32
146	-139 -10 -138 -9
146	-80 1 -79 2
146	-65 -43 -64 -42
146	-64 11 -63 12
146	-38 -5 -37 -4
151	-81 0 -80 1
151	-63 -40 -62 -39
151	-61 11 -60 12
151	-59 -39 -58 -38
156	-82 -6 -81 -5
156	-76 -48 -75 -47
156	-74 -37 -73 -36
156	-69 -53 -68 -52
156	-64 -37 -63 -36
156	-63 -28 -62 -27
161	-69 -51 -68 -50
161	-60 -39 -59 -38
161	-59 -27 -58 -26
161	-51 -12 -50 -11
161	-50 -1 -49 0
166	-180 -17 -179 -16
166	-65 -14 -64 -13
166	-64 -27 -63 -26
166	-62 -36 -61 -35
166	-60 -22 -59 -21
166	-60 -21 -59 -20
172	-67 -56 -66 -55
172	-64 -36 -63 -35
172	-63 -36 -62 -35
172	-63 -32 -62 -31
172	-63 -25 -62 -24
177	-63 -26 -62 -25
177	-62 -33 -61 -32
177	-61 -24 -60 -23
177	-60 -34 -59 -33
177	-51 -31 -50 -30
182	-67 -49 -66 -48
182	-61 -32 -60 -31
187	-66 -40 -65 -39
187	-65 -41 -64 -40
187	-61 -39 -60 -38
187	-60 -24 -59 -23
187	-58 -29 -57 -28
192	-65 -2 -64 -1
192	-64 -41 -63 -40
192	-63 -33 -62 -32
192	-62 -29 -61 -28
192	-61 -34 -60 -33
198	-68 -34 -67 -33
198	-64 -32 -63 -31
198	-62 -34 -61 -33
198	-62 -31 -61 -30
198	-62 -30 -61 -29
198	-62 -27 -61 -26
198	-48 -1 -47 0
203	-77 -15 -76 -14
203	-67 -38 -66 -37
203	-66 -36 -65 -35
203	-65 -36 -64 -35
203	-62 -32 -61 -31
203	-62 -23 -61 -22
203	-58 -37 -57 -36
203	-57 -37 -56 -36
208	-67 -39 -66 -38
208	-64 -29 -63 -28
208	-64 -26 -63 -25
208	-63 9 -62 10
208	-62 -37 -61 -36
208	-62 -24 -61 -23
208	-60 -33 -59 -32
213	-91 -1 -90 0
213	-68 -36 -67 -35
213	-66 -39 -65 -38
213	-64 -38 -63 -37
213	-63 -37 -62 -36
213	-63 -29 -62 -28
213	-63 -19 -62 -18
213	-62 -26 -61 -25
213	-60 -32 -59 -31
213	-58 -28 -57 -27
218	-68 -50 -67 -49
218	-65 -40 -64 -39
218	-65 -28 -64 -27
218	-61 -38 -60 -37
224	-67 -35 -66 -34
224	-66 -38 -65 -37
224	-62 -20 -61 -19
224	-59 -28 -58 -27
224	-58 -35 -57 -34
224	-58 -27 -57 -26
224	-43 -3 -42 -2
229	-68 -39 -67 -38
229	-68 -37 -67 -36
229	-67 -14 -66 -13
229	-65 -39 -64 -38
229	-62 -19 -61 -18
229	-61 -53 -60 -52
229	-61 -22 -60 -21
229	-59 -29 -58 -28
229	-53 5 -52 6
234	-68 -35 -67 -34
234	-64 -40 -63 -39
234	-62 -22 -61 -21
234	-61 -23 -60 -22
234	-61 -20 -60 -19
234	-60 -28 -59 -27
234	-60 -20 -59 -19
234	-58 -30 -57 -29
234	-57 -29 -56 -28
239	-79 -11 -78 -10
239	-64 -28 -63 -27
239	-63 -22 -62 -21
239	-61 -25 -60 -24
239	-60 -25 -59 -24
239	-59 -32 -58 -31
244	-66 -41 -65 -40
244	-64 -25 -63 -24
244	-63 -31 -62 -30
244	-63 -27 -62 -26
244	-59 -34 -58 -33
244	-59 -21 -58 -20
244	-38 -13 -37 -12
250	-152 -17 -151 -16
250	-74 -55 -73 -54
250	-73 -35 -72 -34
250	-67 -37 -66 -36
250	-65 -37 -64 -36
250	-65 -35 -64 -34
250	-59 -30 -58 -29
250	-59 -25 -58 -24
255	-71 -53 -70 -52
255	-67 -40 -66 -39
255	-66 -37 -65 -36
255	-63 -30 -62 -29
255	-63 -23 -62 -22
255	-63 -21 -62 -20
255	-60 -23 -59 -22
255	-51 1 -50 2
255	-36 -55 -35 -54
260	-68 -38 -67 -37
260	-67 -36 -66 -35
260	-66 -44 -65 -43
260	-63 -35 -62 -34
260	-63 -24 -62 -23
260	-59 -37 -58 -36
260	-59 -31 -58 -30
260	-35 -8 -34 -7
265	-61 -26 -60 -25
265	-60 -36 -59 -35
270	-140 -10 -139 -9
270	-66 -43 -65 -42
270	-64 -24 -63 -23
270	-62 -38 -61 -37
270	-61 -35 -60 -34
270	-60 -37 -59 -36
270	-60 -31 -59 -30
270	-59 -20 -58 -19
276	-65 -29 -64 -28
276	-64 -39 -63 -38
276	-62 -25 -61 -24
276	-58 -38 -57 -37
276	-52 4 -51 5
281	-62 -21 -61 -20
286	-65 -8 -64 -7
286	-64 -35 -63 -34
286	-61 -31 -60 -30
286	-60 -35 -59 -34
286	-44 -3 -43 -2
291	-64 -2 -63 -1
291	-63 -18 -62 -17
291	-61 -37 -60 -36
291	-59 7 -58 8
291	-56 -19 -55 -18
296	-72 9 -71 10
296	-63 -6 -62 -5
302	-65 -38 -64 -37
302	-59 -26 -58 -25
302	-59 -24 -58 -23
302	-56 -18 -55 -17
307	-76 -16 -75 -15
307	-68 -40 -67 -39
312	-66 -35 -65 -34
312	-63 -20 -62 -19
312	-61 -28 -60 -27
312	-58 -31 -57 -30
312	-57 -18 -56 -17
317	-69 11 -68 12
317	-59 -23 -58 -22
322	-141 -9 -140 -8
322	-59 -36 -58 -35
328	-75 -5 -74 -4
328	-70 -52 -69 -51
328	-62 -28 -61 -27
328	-59 -33 -58 -32
328	-51 -1 -50 0
333	-64 -34 -63 -33
333	-60 -27 -59 -26
333	-59 -35 -58 -34
333	-54 -13 -53 -12
333	-51 0 -50 1
333	-46 -14 -45 -13
338	-61 -27 -60 -26
338	-57 -30 -56 -29
343	-71 -52 -70 -51
343	-64 -31 -63 -30
343	-57 -35 -56 -34
343	-40 -19 -39 -18
348	-173 -14 -172 -13
348	-66 -45 -65 -44
348	-66 -13 -65 -12
348	-62 -35 -61 -34
348	-59 -17 -58 -16
354	-63 -39 -62 -38
354	-61 -36 -60 -35
359	-67 -15 -66 -14
359	-65 -3 -64 -2
359	-64 -14 -63 -13
359	-61 -21 -60 -20
364	-70 -53 -69 -52
364	-69 7 -68 8
364	-66 -14 -65 -13
369	-172 -14 -171 -13
369	-70 6 -69 7
369	-67 -41 -66 -40
369	-64 -8 -63 -7
369	-39 -4 -38 -3
374	-70 7 -69 8
374	-64 -33 -63 -32
374	-59 -22 -58 -21
374	-57 -17 -56 -16
380	-81 -7 -80 -6
380	-63 -34 -62 -33
380	-61 8 -60 9
380	-59 -14 -58 -13
380	-57 -28 -56 -27
380	-52 -15 -51 -14
380	-46 -13 -45 -12
385	-72 10 -71 11
385	-66 -42 -65 -41
385	-65 -30 -64 -29
390	-65 -1 -64 0
390	-57 -19 -56 -18
390	-47 -25 -46 -24
395	-71 -51 -70 -50
395	-68 -33 -67 -32
395	-58 -24 -57 -23
395	-53 -13 -52 -12
395	-53 -12 -52 -11
395	-50 -2 -49 -1
395	-36 -6 -35 -5
400	-82 -5 -81 -4
400	-67 -4 -66 -3
406	-72 -52 -71 -51
406	-62 -14 -61 -13
406	-54 -12 -53 -11
411	-67 -13 -66 -12
411	-58 -26 -57 -25
416	-69 -34 -68 -33
416	-58 -14 -57 -13
426	-69 -54 -68 -53
426	-64 -30 -63 -29
426	-60 -26 -59 -25
426	-57 -27 -56 -26
426	-51 -14 -50 -13
432	-71 5 -70 6
432	-65 -16 -64 -15
432	-59 -38 -58 -37
432	-58 -34 -57 -33
432	-58 -25 -57 -24
432	-51 -13 -50 -12
437	-71 6 -70 7
437	-50 -30 -49 -29
442	-75 -44 -74 -43
442	-71 7 -70 8
442	-68 -41 -67 -40
442	-66 -12 -65 -11
442	-45 -3 -44 -2
447	-69 -39 -68 -38
447	-65 -34 -64 -33
447	-65 -15 -64 -14
447	-61 -19 -60 -18
447	-54 -22 -53 -21
447	-45 -4 -44 -3
452	-70 5 -69 6
452	-57 -34 -56 -33
458	-67 8 -66 9
458	-55 -22 -54 -21
458	-51 -11 -50 -10
463	-72 5 -71 6
463	-67 -48 -66 -47
463	-65 -55 -64 -54
463	-55 -13 -54 -12
463	-53 -22 -52 -21
468	-68 -47 -67 -46
468	-68 -2 -67 -1
468	-63 -15 -62 -14
468	-62 -6 -61 -5
468	-60 -38 -59 -37
468	-55 -23 -54 -22
473	-79 2 -78 3
473	-71 -46 -70 -45
473	-52 -16 -51 -15
473	-50 -12 -49 -11
478	-72 11 -71 12
478	-69 -40 -68 -39
478	-66 -16 -65 -15
478	-63 0 -62 1
478	-58 -32 -57 -31
478	-58 -21 -57 -20
478	-50 -10 -49 -9
484	-66 -34 -65 -33
484	-64 -13 -63 -12
484	-54 -23 -53 -22
489	-66 -55 -65 -54
489	-66 -5 -65 -4
489	-61 -52 -60 -51
489	-53 -11 -52 -10
489	-50 -11 -49 -10
494	-64 8 -63 9
494	-59 -52 -58 -51
494	-53 -21 -52 -20
494	-52 -13 -51 -12
499	-68 -49 -67 -48
499	-52 -14 -51 -13
504	-65 -13 -64 -12
504	-57 -20 -56 -19
504	-57 5 -56 6
504	-46 -2 -45 -1
504	-43 -11 -42 -10
510	-71 11 -70 12
510	-66 -31 -65 -30
510	-66 -4 -65 -3
510	-65 -12 -64 -11
515	-67 -2 -66 -1
515	-62 -15 -61 -14
515	-58 -33 -57 -32
515	-46 -15 -45 -14
520	-77 -5 -76 -4
520	-68 -13 -67 -12
520	-64 -17 -63 -16
520	-62 -18 -61 -17
520	-58 -20 -57 -19
520	-54 -21 -53 -20
520	-51 -2 -50 -1
525	-56 -33 -55 -32
530	-50 -13 -49 -12
536	-72 4 -71 5
536	-70 -51 -69 -50
536	-69 -50 -68 -49
536	-67 -45 -66 -44
536	-45 -12 -44 -11
541	-69 5 -68 6
541	-67 -44 -66 -43
541	-62 -39 -61 -38
541	-58 -13 -57 -12
541	-55 -12 -54 -11
541	-52 -12 -51 -11
546	-76 -5 -75 -4
546	-70 8 -69 9
546	-68 -45 -67 -44
546	-68 -14 -67 -13
546	-67 -43 -66 -42
546	-44 -15 -43 -14
551	-68 8 -67 9
551	-64 -5 -63 -4
551	-60 -52 -59 -51
551	-57 -33 -56 -32
551	-57 -24 -56 -23
556	-69 -49 -68 -48
556	-63 -38 -62 -37
562	-75 -6 -74 -5
562	-69 8 -68 9
562	-64 -15 -63 -14
562	-63 -3 -62 -2
567	-65 8 -64 9
567	-59 -15 -58 -14
572	-68 -4 -67 -3
577	-64 -6 -63 -5
577	-57 -14 -56 -13
577	-49 -2 -48 -1
582	-57 -25 -56 -24
582	-53 -20 -52 -19
588	-75 9 -74 10
588	-66 8 -65 9
588	-63 -8 -62 -7
588	-59 -13 -58 -12
588	-43 -10 -42 -9
593	-75 -54 -74 -53
593	-70 -40 -69 -39
593	-69 -13 -68 -12
593	-64 -16 -63 -15
593	-57 -13 -56 -12
598	-53 -23 -52 -22
598	-52 -21 -51 -20
603	-68 -48 -67 -47
603	-67 -12 -66 -11
603	-66 -8 -65 -7
603	-65 -9 -64 -8
603	-56 -13 -55 -12
608	-76 10 -75 11
614	-71 -21 -70 -20
614	-53 -14 -52 -13
614	-49 -21 -48 -20
614	-49 -12 -48 -11
624	-69 4 -68 5
624	-68 -5 -67 -4
624	-54 -11 -53 -10
629	-81 -6 -80 -5
629	-68 -42 -67 -41
629	-61 -5 -60 -4
629	-44 -14 -43 -13
634	-74 1 -73 2
634	-69 6 -68 7
634	-63 -14 -62 -13
634	-55 -32 -54 -31
634	-41 -10 -40 -9
640	-67 -34 -66 -33
640	-64 -4 -63 -3
640	-61 -16 -60 -15
645	-66 -15 -65 -14
645	-55 -24 -54 -23
650	-65 -17 -64 -16
650	-58 5 -57 6
650	-51 -18 -50 -17
748	-71 -22 -70 -21
788	-75 -43 -74 -42
789	-76 -52 -75 -51
803	-75 11 -74 12
810	-49 -29 -48 -28
876	-74 -44 -73 -43
883	-92 -1 -91 0
883	-72 12 -71 13
912	-71 -54 -70 -53
937	-71 -56 -70 -55
957	-37 -11 -36 -10
975	-66 10 -65 11
986	-42 -23 -41 -22
990	-38 -55 -37 -54
1065	-71 -20 -70 -19
1096	-70 -50 -69 -49
1149	-54 -33 -53 -32
1162	-56 -3 -55 -2
1166	-71 -50 -70 -49
1169	-68 -21 -67 -20
1180	-66 -30 -65 -29
1183	-70 -54 -69 -53
1196	-57 -3 -56 -2
1206	-68 -56 -67 -55
1209	-69 -37 -68 -36
1214	-56 5 -55 6
1216	-72 -53 -71 -52
1218	-44 -12 -43 -11
1232	-69 -38 -68 -37
1236	-67 7 -66 8
1243	-81 -3 -80 -2
1244	-58 -19 -57 -18
1247	-61 3 -60 4
1256	-69 0 -68 1
1257	-55 -3 -54 -2
1259	-63 -5 -62 -4
1264	-67 2 -66 3
1271	-67 1 -66 2
1272	-50 -9 -49 -8
1278	-38 -6 -37 -5
1283	-56 -12 -55 -11
1286	-58 -15 -57 -14
1287	-42 -12 -41 -11
1297	-58 -17 -57 -16
1297	-50 -3 -49 -2
1297	-46 -3 -45 -2
1299	-54 -14 -53 -13
1306	-73 -55 -72 -54
1313	-40 -10 -39 -9
1315	-59 -4 -58 -3
1318	-61 -18 -60 -17
1326	-57 -31 -56 -30
1326	-55 -34 -54 -33
1331	-55 -14 -54 -13
1336	-71 -23 -70 -22
1337	-58 -23 -57 -22
1339	-67 -42 -66 -41
1343	-69 -47 -68 -46
1346	-56 -17 -55 -16
1348	-54 -20 -53 -19
1350	-64 -9 -63 -8
1350	-56 -29 -55 -28
1352	-69 -4 -68 -3
1353	-69 3 -68 4
1354	-40 -9 -39 -8
1357	-56 -35 -55 -34
1364	-68 -44 -67 -43
1364	-68 -19 -67 -18
1375	-55 -21 -54 -20
1376	-68 -1 -67 0
1377	-72 -4 -71 -3
1377	-40 -12 -39 -11
1381	-66 -9 -65 -8
1382	-56 -34 -55 -33
1388	-51 -15 -50 -14
1389	-67 -32 -66 -31
1390	-65 -7 -64 -6
1390	-51 -20 -50 -19
1391	-77 -14 -76 -13
1394	-46 -17 -45 -16
1397	-67 -11 -66 -10
1397	-52 -2 -51 -1
1398	-73 11 -72 12
1400	-67 -9 -66 -8
1406	-63 10 -62 11
1410	-44 -10 -43 -9
1411	-62 0 -61 1
1416	-63 -4 -62 -3
1421	-60 -4 -59 -3
1421	-37 -6 -36 -5
1423	-53 -2 -52 -1
1435	-78 4 -77 5
1437	-50 -14 -49 -13
1440	-78 8 -77 9
1440	-60 -14 -59 -13
1441	-56 -14 -55 -13
1446	-68 2 -67 3
1449	-69 -46 -68 -45
1450	-45 -13 -44 -12
1454	-70 -47 -69 -46
1455	-56 -22 -55 -21
1461	-52 -1 -51 0
1466	-44 -11 -43 -10
1468	-63 -7 -62 -6
1470	-61 -4 -60 -3
1471	-74 -40 -73 -39
1473	-57 -12 -56 -11
1479	-71 -5 -70 -4
1483	-67 -33 -66 -32
1483	-65 -6 -64 -5
1483	-64 -1 -63 0
1485	-60 -13 -59 -12
1485	-48 -2 -47 -1
1486	-68 -12 -67 -11
1486	-55 -35 -54 -34
1487	-56 -26 -55 -25
1488	-68 -3 -67 -2
1491	-39 -10 -38 -9
1495	-70 4 -69 5
1497	-62 -9 -61 -8
1498	-56 -23 -55 -22
1501	-52 -22 -51 -21
1502	-49 -27 -48 -26
1508	-46 -12 -45 -11
1511	-47 -11 -46 -10
1512	-58 -3 -57 -2
1516	-46 -16 -45 -15
1517	-69 -41 -68 -40
1517	-59 -18 -58 -17
1521	-60 -19 -59 -18
1522	-72 -51 -71 -50
1523	-68 1 -67 2
1525	-68 -6 -67 -5
1525	-43 -4 -42 -3
1526	-68 3 -67 4
1529	-71 -3 -70 -2
1535	-54 -10 -53 -9
1537	-69 -2 -68 -1
1537	-67 -7 -66 -6
1537	-66 -11 -65 -10
1540	-64 9 -63 10
1540	-55 -31 -54 -30
1545	-72 -5 -71 -4
1546	-76 -47 -75 -46
1549	-150 -18 -149 -17
1550	-63 -13 -62 -12
1552	-69 -3 -68 -2
1553	-43 -5 -42 -4
1557	-43 -8 -42 -7
1559	-38 -12 -37 -11
1564	-67 -6 -66 -5
1568	-65 -4 -64 -3
1571	-69 -1 -68 0
1572	-62 10 -61 11
1573	-67 -8 -66 -7
1574	-62 -16 -61 -15
1575	-52 -11 -51 -10
1578	-66 -2 -65 -1
1579	-51 -19 -50 -18
1581	-56 -20 -55 -19
1582	-50 -19 -49 -18
1583	-76 -4 -75 -3
1584	-71 4 -70 5
1585	-56 -30 -55 -29
1586	-51 -3 -50 -2
1586	-47 -2 -46 -1
1593	-73 4 -72 5
1593	-46 -4 -45 -3
1595	-62 -8 -61 -7
1597	-56 -24 -55 -23
1603	-74 -4 -73 -3
1604	-67 -10 -66 -9
1605	-67 -5 -66 -4
1606	-76 8 -75 9
1608	-45 -15 -44 -14
1610	-56 -25 -55 -24
1610	-55 -33 -54 -32
1611	-44 -16 -43 -15
1612	-75 -9 -74 -8
1612	-69 -33 -68 -32
1613	-67 -3 -66 -2
1614	-71 -4 -70 -3
1615	-63 -9 -62 -8
1615	-55 -18 -54 -17
1616	-58 -22 -57 -21
1616	-54 -24 -53 -23
1622	-72 2 -71 3
1625	-49 -3 -48 -2
1628	-49 -22 -48 -21
1630	-75 10 -74 11
1633	-51 -21 -50 -20
1634	-71 -19 -70 -18
1635	-71 -49 -70 -48
1635	-58 -12 -57 -11
1636	-71 -47 -70 -46
1639	-61 -17 -60 -16
1640	-55 -25 -54 -24
1643	-45 -24 -44 -23
1644	-72 1 -71 2
1645	-57 -26 -56 -25
1649	-49 -4 -48 -3
1655	-68 6 -67 7
1656	-56 -32 -55 -31
1658	-73 -3 -72 -2
1660	-60 -5 -59 -4
1661	-73 3 -72 4
1661	-53 -15 -52 -14
1663	-56 -11 -55 -10
1664	-39 -12 -38 -11
1665	-72 -50 -71 -49
1665	-50 -21 -49 -20
1665	-49 -8 -48 -7
1666	-66 -32 -65 -31
1674	-66 -1 -65 0
1674	-53 -19 -52 -18
1676	-74 -43 -73 -42
1676	-39 -9 -38 -8
1677	-72 3 -71 4
1677	-65 -27 -64 -26
1681	-74 0 -73 1
1686	-57 -32 -56 -31
1689	-69 -35 -68 -34
1693	-74 -3 -73 -2
1693	-73 -4 -72 -3
1693	-51 -22 -50 -21
1697	-58 -18 -57 -17
1699	-70 -39 -69 -38
1700	-42 -10 -41 -9
1702	-51 -10 -50 -9
1704	-77 -4 -76 -3
1710	-57 -23 -56 -22
1710	-50 -22 -49 -21
1716	-71 -2 -70 -1
1721	-44 -4 -43 -3
1724	-49 -6 -48 -5
1725	-73 2 -72 3
1728	-70 -49 -69 -48
1730	-68 -11 -67 -10
1730	-66 -10 -65 -9
1732	-52 -23 -51 -22
1735	-45 -14 -44 -13
1736	-75 -1 -74 0
1736	-73 -5 -72 -4
1742	-54 -15 -53 -14
1745	-74 -5 -73 -4
1748	-46 -11 -45 -10
1749	-59 6 -58 7
1757	-58 -4 -57 -3
1759	-68 -7 -67 -6
1760	-47 -12 -46 -11
1763	-63 -1 -62 0
1765	-52 -19 -51 -18
1768	-62 -17 -61 -16
1770	-58 -16 -57 -15
1773	-76 -1 -75 0
1774	-64 -7 -63 -6
1775	-59 -19 -58 -18
1777	-76 9 -75 10
1778	-52 -20 -51 -19
1780	-54 -3 -53 -2
1783	-67 -1 -66 0
1785	-69 2 -68 3
1787	-68 0 -67 1
1788	-60 -15 -59 -14
1789	-56 -21 -55 -20
1789	-41 -9 -40 -8
1792	-74 -42 -73 -41
1792	-66 -3 -65 -2
1794	-44 -9 -43 -8
1795	-54 -9 -53 -8
1797	-52 -31 -51 -30
1800	-57 -9 -56 -8
1802	-65 -5 -64 -4
1803	-48 -13 -47 -12
1806	-65 -26 -64 -25
1806	-64 -10 -63 -9
1809	-72 0 -71 1
1809	-41 -8 -40 -7
1810	-75 -7 -74 -6
1810	-57 -15 -56 -14
1812	-47 -18 -46 -17
1813	-55 -11 -54 -10
1817	-71 3 -70 4
1819	-50 -8 -49 -7
1821	-39 -6 -38 -5
1822	-49 -20 -48 -19
1822	-44 -8 -43 -7
1823	-65 9 -64 10
1825	-70 -4 -69 -3
1828	-60 -17 -59 -16
1831	-70 3 -69 4
1831	-69 1 -68 2
1831	-68 -10 -67 -9
1834	-70 -23 -69 -22
1834	-62 8 -61 9
1834	-48 -10 -47 -9
1837	-65 0 -64 1
1838	-65 -10 -64 -9
1841	-61 -7 -60 -6
1842	-42 -4 -41 -3
1845	-55 -26 -54 -25
1845	-48 -3 -47 -2
1848	-66 -7 -65 -6
1848	-51 -23 -50 -22
1848	-45 -16 -44 -15
1851	-68 -20 -67 -19
1856	-71 -45 -70 -44
1860	-70 -7 -69 -6
1863	-74 -6 -73 -5
1864	-69 -45 -68 -44
1868	-55 -19 -54 -18
1872	-69 -7 -68 -6
1873	-70 11 -69 12
1873	-36 -10 -35 -9
1875	-70 -2 -69 -1
1875	-64 -23 -63 -22
1877	-42 -8 -41 -7
1878	-45 -11 -44 -10
1880	-63 -16 -62 -15
1881	-50 -20 -49 -19
1882	-61 -6 -60 -5
1891	-43 -9 -42 -8
1892	-54 -16 -53 -15
1898	-73 1 -72 2
1899	-49 -7 -48 -6
1901	-57 -11 -56 -10
1902	-42 -6 -41 -5
1903	-66 9 -65 10
1903	-42 -5 -41 -4
1904	-40 -4 -39 -3
1906	-56 -31 -55 -30
1911	-69 -42 -68 -41
1911	-66 -6 -65 -5
1914	-62 -13 -61 -12
1915	-74 -2 -73 -1
1918	-68 -46 -67 -45
1921	-61 -13 -60 -12
1926	-52 -3 -51 -2
1930	-70 -6 -69 -5
1930	-67 -30 -66 -29
1932	-67 -31 -66 -30
1936	-70 0 -69 1
1937	-55 -15 -54 -14
1937	-46 -18 -45 -17
1938	-55 5 -54 6
1940	-69 -5 -68 -4
1940	-68 -43 -67 -42
1943	-81 -4 -80 -3
1943	-61 0 -60 1
1946	-74 -17 -73 -16
1949	-48 -7 -47 -6
1950	-47 -7 -46 -6
1952	-60 -16 -59 -15
1953	-67 -55 -66 -54
1954	-70 -5 -69 -4
1955	-72 -29 -71 -28
1955	-62 -10 -61 -9
1956	-47 -3 -46 -2
1958	-69 -12 -68 -11
1962	-47 -8 -46 -7
1963	-62 -7 -61 -6
1964	-69 -24 -68 -23
1964	-55 -29 -54 -28
1965	-69 -44 -68 -43
1966	-68 7 -67 8
1967	-53 -24 -52 -23
1970	-61 -15 -60 -14
1972	-72 -49 -71 -48
1972	-71 -24 -70 -23
1977	-41 -6 -40 -5
1980	-42 -9 -41 -8
1981	-59 -12 -58 -11
1982	-56 -27 -55 -26
1983	-60 2 -59 3
1985	-71 1 -70 2
1986	-56 -10 -55 -9
1988	-58 -9 -57 -8
1988	-57 -22 -56 -21
1989	-44 -13 -43 -12
2001	-49 -9 -48 -8
2002	-48 -4 -47 -3
2003	-54 -19 -53 -18
2004	-75 -4 -74 -3
2004	-62 -3 -61 -2
2005	-76 -6 -75 -5
2005	-70 -8 -69 -7
2005	-69 -36 -68 -35
2007	-71 2 -70 3
2012	-73 -6 -72 -5
2012	-52 -18 -51 -17
2015	-44 -6 -43 -5
2018	-47 -13 -46 -12
2022	-70 1 -69 2
2022	-62 -4 -61 -3
2022	-47 -15 -46 -14
2023	-68 -9 -67 -8
2028	-40 -18 -39 -17
2031	-76 -51 -75 -50
2033	-72 -2 -71 -1
2033	-64 0 -63 1
2036	-59 -16 -58 -15
2041	-73 -8 -72 -7
2050	-40 -11 -39 -10
2051	-70 -3 -69 -2
2054	-72 -3 -71 -2
2056	-69 -48 -68 -47
2056	-46 -8 -45 -7
2057	-75 0 -74 1
2062	-42 -7 -41 -6
2063	-48 -8 -47 -7
2068	-65 -31 -64 -30
2070	-38 -9 -37 -8
2071	-64 -12 -63 -11
2075	-75 -2 -74 -1
2076	-56 -15 -55 -14
2082	-70 -46 -69 -45
2083	-53 -32 -52 -31
2085	-70 -13 -69 -12
2085	-55 -20 -54 -19
2087	-68 -8 -67 -7
2089	-66 -33 -65 -32
2099	-75 -3 -74 -2
2101	-70 -1 -69 0
2103	-73 -2 -72 -1
2110	-74 -1 -73 0
2118	-39 -5 -38 -4
2120	-63 8 -62 9
2122	-73 -36 -72 -35
2125	-62 -1 -61 0
2125	-41 -4 -40 -3
2127	-75 -45 -74 -44
2128	-46 -10 -45 -9
2130	-45 -9 -44 -8
2134	-50 -18 -49 -17
2139	-44 -5 -43 -4
2140	-53 -10 -52 -9
2145	-48 -6 -47 -5
2156	-63 -10 -62 -9
2156	-63 7 -62 8
2160	-47 -14 -46 -13
2161	-41 -11 -40 -10
2163	-61 -14 -60 -13
2163	-42 -11 -41 -10
2169	-55 -16 -54 -15
2169	-45 -17 -44 -16
2170	-56 -9 -55 -8
2178	-50 -4 -49 -3
2186	-52 3 -51 4
2188	-54 -29 -53 -28
2191	-61 -10 -60 -9
2199	-53 -16 -52 -15
2201	-71 0 -70 1
2203	-72 -6 -71 -5
2204	-54 -25 -53 -24
2207	-70 -42 -69 -41
2213	-76 -2 -75 -1
2220	-39 -11 -38 -10
2226	-48 -17 -47 -16
2227	-57 -16 -56 -15
2232	-62 -2 -61 -1
2235	-72 6 -71 7
2237	-73 0 -72 1
2238	-48 -22 -47 -21
2241	-71 -6 -70 -5
2246	-47 -17 -46 -16
2247	-56 -28 -55 -27
2252	-45 -8 -44 -7
2264	-59 5 -58 6
2264	-49 -13 -48 -12
2276	-40 -8 -39 -7
2282	-49 -10 -48 -9
2288	-71 -1 -70 0
2290	-70 2 -69 3
2291	-61 -3 -60 -2
2292	-70 -24 -69 -23
2293	-37 -8 -36 -7
2300	-51 -9 -50 -8
2303	-60 7 -59 8
2304	-45 -19 -44 -18
2313	-55 -10 -54 -9
2314	-74 -39 -73 -38
2320	-60 -12 -59 -11
2323	-50 -7 -49 -6
2326	-56 -2 -55 -1
2326	-53 -3 -52 -2
2330	-41 -7 -40 -6
2333	-51 -16 -50 -15
2334	-54 5 -53 6
2335	-55 -30 -54 -29
2338	-57 -10 -56 -9
2340	-38 -10 -37 -9
2341	-69 -8 -68 -7
2343	-70 -41 -69 -40
2345	-76 -3 -75 -2
2346	-48 -18 -47 -17
2351	-48 -23 -47 -22
2352	-62 -12 -61 -11
2356	-54 -18 -53 -17
2357	-69 -10 -68 -9
2358	-49 -23 -48 -22
2359	-72 -18 -71 -17
2366	-61 2 -60 3
2367	-53 -5 -52 -4
2374	-70 -12 -69 -11
2375	-78 3 -77 4
2376	-63 -12 -62 -11
2376	-57 -21 -56 -20
2377	-75 1 -74 2
2380	-48 -12 -47 -11
2385	-61 -9 -60 -8
2386	-45 -18 -44 -17
2393	-61 1 -60 2
2398	-76 0 -75 1
2398	-54 -5 -53 -4
2400	-36 -7 -35 -6
2401	-71 -48 -70 -47
2406	-46 -9 -45 -8
2414	-78 5 -77 6
2414	-45 -6 -44 -5
2417	-57 -2 -56 -1
2417	-43 -6 -42 -5
2421	-66 7 -65 8
2433	-63 -2 -62 -1
2434	-56 -16 -55 -15
2434	-53 -18 -52 -17
2435	-59 -5 -58 -4
2441	-58 -8 -57 -7
2442	-58 -11 -57 -10
2442	-48 -9 -47 -8
2444	-41 -5 -40 -4
2452	-69 -11 -68 -10
2453	-73 9 -72 10
2465	-55 -9 -54 -8
2471	-59 -9 -58 -8
2472	-60 -6 -59 -5
2473	-70 -9 -69 -8
2474	-54 -31 -53 -30
2478	-53 -17 -52 -16
2479	-70 -48 -69 -47
2487	-59 4 -58 5
2488	-52 -17 -51 -16
2489	-61 -1 -60 0
2491	-50 -23 -49 -22
2494	-54 -2 -53 -1
2496	-60 -10 -59 -9
2496	-40 -13 -39 -12
2498	-74 -7 -73 -6
2503	-45 -5 -44 -4
2505	-65 -11 -64 -10
2506	-70 -45 -69 -44
2507	-70 -38 -69 -37
2507	-62 7 -61 8
2508	-77 8 -76 9
2509	-48 -20 -47 -19
2517	-67 9 -66 10
2517	-38 -11 -37 -10
2519	-47 -16 -46 -15
2519	-46 -7 -45 -6
2523	-75 -53 -74 -52
2527	-69 -9 -68 -8
2529	-45 -10 -44 -9
2530	-61 -8 -60 -7
2537	-42 -16 -41 -15
2538	-69 -6 -68 -5
2541	-49 -11 -48 -10
2549	-62 1 -61 2
2552	-70 -25 -69 -24
2552	-60 -11 -59 -10
2555	-65 -33 -64 -32
2559	-73 -9 -72 -8
2561	-50 -15 -49 -14
2563	-67 0 -66 1
2568	-59 -8 -58 -7
2572	-44 -7 -43 -6
2573	-64 7 -63 8
2575	-39 -13 -38 -12
2583	-72 -30 -71 -29
2590	-73 -7 -72 -6
2590	-50 -17 -49 -16
2593	-71 -13 -70 -12
2596	-74 2 -73 3
2596	-65 10 -64 11
2602	-65 7 -64 8
2604	-51 -17 -50 -16
2610	-49 -19 -48 -18
2611	-55 -17 -54 -16
2613	-71 -7 -70 -6
2622	-59 -11 -58 -10
2622	-49 -18 -48 -17
2632	-54 -32 -53 -31
2639	-70 -22 -69 -21
2639	-62 -5 -61 -4
2644	-47 -10 -46 -9
2651	-49 -17 -48 -16
2654	-38 -7 -37 -6
2656	-72 -1 -71 0
2660	-43 -7 -42 -6
2663	-72 -8 -71 -7
2664	-48 -11 -47 -10
2664	-37 -55 -36 -54
2671	-72 -7 -71 -6
2673	-64 6 -63 7
2677	-71 -26 -70 -25
2683	-57 -4 -56 -3
2684	-81 -1 -80 0
2686	-59 -3 -58 -2
2689	-73 -1 -72 0
2699	-53 -6 -52 -5
2700	-48 -21 -47 -20
2704	-62 3 -61 4
2718	-48 -19 -47 -18
2726	-60 -18 -59 -17
2731	-60 -7 -59 -6
2731	-59 -7 -58 -6
2736	-69 -56 -68 -55
2739	-73 -39 -72 -38
2757	-53 -31 -52 -30
2759	-59 -10 -58 -9
2767	-74 -10 -73 -9
2773	-69 -43 -68 -42
2779	-49 -24 -48 -23
2786	-63 -17 -62 -16
2790	-53 -9 -52 -8
2790	-47 -9 -46 -8
2795	-63 -11 -62 -10
2797	-74 3 -73 4
2809	-46 -6 -45 -5
2814	-77 -1 -76 0
2820	-56 1 -55 2
2826	-60 -3 -59 -2
2828	-73 -52 -72 -51
2833	-48 -5 -47 -4
2833	-47 -6 -46 -5
2841	-72 -48 -71 -47
2858	-52 -6 -51 -5
2864	-60 0 -59 1
2870	-74 -9 -73 -8
2870	-61 -2 -60 -1
2878	-73 -38 -72 -37
2880	-38 -8 -37 -7
2881	-61 -11 -60 -10
2883	-68 -55 -67 -54
2886	-59 3 -58 4
2886	-58 4 -57 5
2896	-63 1 -62 2
2904	-46 -19 -45 -18
2905	-74 -38 -73 -37
2908	-51 -8 -50 -7
2913	-60 -9 -59 -8
2929	-42 -15 -41 -14
2934	-69 -18 -68 -17
2938	-70 -16 -69 -15
2939	-71 -25 -70 -24
2940	-56 4 -55 5
2944	-50 -5 -49 -4
2959	-50 -6 -49 -5
2963	-52 -5 -51 -4
2964	-62 2 -61 3
2971	-70 -44 -69 -43
2973	-71 -42 -70 -41
2976	-48 -16 -47 -15
2982	-51 -26 -50 -25
2983	-43 -15 -42 -14
2994	-69 -19 -68 -18
2994	-50 -16 -49 -15
2996	-39 -7 -38 -6
3003	-54 -6 -53 -5
3011	-70 -26 -69 -25
3019	-73 -37 -72 -36
3021	-72 -47 -71 -46
3026	-70 -10 -69 -9
3029	-78 7 -77 8
3030	-42 -13 -41 -12
3036	-61 -12 -60 -11
3045	-55 -8 -54 -7
3052	-43 -12 -42 -11
3052	-40 -6 -39 -5
3053	-71 -44 -70 -43
3053	-52 -24 -51 -23
3056	-70 -43 -69 -42
3063	-58 -10 -57 -9
3064	-62 -11 -61 -10
3065	-69 -23 -68 -22
3066	-71 -9 -70 -8
3075	-74 -8 -73 -7
3081	-71 -43 -70 -42
3092	-55 -7 -54 -6
3093	-78 -12 -77 -11
3094	-61 7 -60 8
3099	-52 -9 -51 -8
3111	-74 11 -73 12
3112	-43 -13 -42 -12
3115	-71 -8 -70 -7
3115	-56 -4 -55 -3
3122	-52 1 -51 2
3128	-55 -2 -54 -1
3130	-52 -10 -51 -9
3134	-77 -2 -76 -1
3141	-55 -6 -54 -5
3141	-49 -28 -48 -27
3144	-41 -12 -40 -11
3149	-46 -20 -45 -19
3161	-54 -30 -53 -29
3162	-52 0 -51 1
3162	-44 -17 -43 -16
3163	-37 -7 -36 -6
3186	-45 -7 -44 -6
3191	-52 -7 -51 -6
3214	-78 -4 -77 -3
3215	-54 -17 -53 -16
3223	-70 -11 -69 -10
3229	-70 -56 -69 -55
3243	-53 -29 -52 -28
3246	-59 -6 -58 -5
3247	-50 -24 -49 -23
3254	-53 -4 -52 -3
3258	-68 9 -67 10
3258	-67 3 -66 4
3260	-69 9 -68 10
3288	-45 -20 -44 -19
3297	-60 3 -59 4
3302	-60 -8 -59 -7
3311	-52 -8 -51 -7
3314	-72 -46 -71 -45
3319	-40 -7 -39 -6
3325	-69 -31 -68 -30
3326	-78 6 -77 7
3327	-70 -36 -69 -35
3339	-54 -8 -53 -7
3346	-79 -10 -78 -9
3355	-49 -5 -48 -4
3356	-73 -10 -72 -9
3368	-54 -4 -53 -3
3375	-71 -41 -70 -40
3376	-52 -4 -51 -3
3380	-80 -8 -79 -7
3381	-64 -18 -63 -17
3393	-77 0 -76 1
3403	-74 -54 -73 -53
3413	-54 -7 -53 -6
3426	-37 -10 -36 -9
3431	-47 -4 -46 -3
3432	-49 -16 -48 -15
3441	-62 6 -61 7
3457	-43 -14 -42 -13
3458	-77 -3 -76 -2
3459	-47 -19 -46 -18
3461	-65 -32 -64 -31
3461	-65 6 -64 7
3467	-72 -54 -71 -53
3470	-56 -8 -55 -7
3474	-66 -17 -65 -16
3481	-70 -21 -69 -20
3507	-75 -8 -74 -7
3507	-48 -15 -47 -14
3511	-78 -5 -77 -4
3516	-53 2 -52 3
3517	-57 -8 -56 -7
3524	-76 -50 -75 -49
3535	-43 -16 -42 -15
3536	-64 -11 -63 -10
3555	-68 -22 -67 -21
3567	-70 -37 -69 -36
3569	-37 -9 -36 -8
3570	-58 -2 -57 -1
3574	-72 -31 -71 -30
3574	-51 -4 -50 -3
3575	-69 -14 -68 -13
3575	-68 4 -67 5
3579	-55 -5 -54 -4
3591	-66 2 -65 3
3591	-53 -7 -52 -6
3597	-68 -32 -67 -31
3613	-60 1 -59 2
3614	-71 -12 -70 -11
3615	-68 -25 -67 -24
3616	-56 -7 -55 -6
3618	-68 -31 -67 -30
3621	-66 -28 -65 -27
3625	-77 -6 -76 -5
3633	-40 -5 -39 -4
3650	-39 -8 -38 -7
3655	-55 -28 -54 -27
3663	-74 -41 -73 -40
3673	-72 -10 -71 -9
3676	-58 3 -57 4
3677	-74 -11 -73 -10
3683	-71 -11 -70 -10
3685	-51 -5 -50 -4
3701	-51 -6 -50 -5
3702	-72 -9 -71 -8
3703	-52 2 -51 3
3707	-51 -24 -50 -23
3714	-69 -20 -68 -19
3714	-64 1 -63 2
3720	-55 -27 -54 -26
3732	-71 -27 -70 -26
3736	-60 6 -59 7
3737	-46 -21 -45 -20
3743	-36 -8 -35 -7
3744	-71 -10 -70 -9
3767	-41 -13 -40 -12
3794	-61 6 -60 7
3799	-71 -40 -70 -39
3802	-59 -2 -58 -1
3806	-57 4 -56 5
3818	-47 -20 -46 -19
3823	-55 -4 -54 -3
3834	-54 -26 -53 -25
3853	-60 5 -59 6
3853	-48 -24 -47 -23
3865	-66 -29 -65 -28
3874	-72 -33 -71 -32
3880	-56 -6 -55 -5
3884	-56 0 -55 1
3888	-70 -17 -69 -16
3904	-79 1 -78 2
3904	-69 -21 -68 -20
3915	-63 6 -62 7
3917	-41 -14 -40 -13
3934	-56 -1 -55 0
3941	-51 -7 -50 -6
3942	-52 -26 -51 -25
3952	-58 -5 -57 -4
3955	-62 5 -61 6
3971	-49 -26 -48 -25
3976	-71 -39 -70 -38
3982	-53 -25 -52 -24
4006	-51 -28 -50 -27
4006	-44 -18 -43 -17
4014	-72 7 -71 8
4029	-51 -27 -50 -26
4043	-67 4 -66 5
4050	-68 -24 -67 -23
4061	-62 4 -61 5
4076	-51 -25 -50 -24
4082	-46 -22 -45 -21
4088	-72 -34 -71 -33
4094	-68 -15 -67 -14
4095	-75 8 -74 9
4096	-72 -12 -71 -11
4096	-54 -28 -53 -27
4097	-47 -5 -46 -4
4106	-49 -14 -48 -13
4111	-59 0 -58 1
4119	-57 -5 -56 -4
4137	-75 -46 -74 -45
4142	-72 -11 -71 -10
4144	-56 -5 -55 -4
4157	-53 4 -52 5
4172	-75 -47 -74 -46
4176	-69 -32 -68 -31
4178	-58 -7 -57 -6
4193	-60 -2 -59 -1
4194	-53 -8 -52 -7
4232	-67 -16 -66 -15
4249	-57 -1 -56 0
4254	-52 -29 -51 -28
4257	-69 -25 -68 -24
4261	-74 -45 -73 -44
4270	-57 0 -56 1
4279	-49 -15 -48 -14
4281	-47 -21 -46 -20
4282	-42 -14 -41 -13
4284	-50 -26 -49 -25
4287	-73 -50 -72 -49
4287	-73 -11 -72 -10
4291	-68 -23 -67 -22
4298	-59 2 -58 3
4330	-76 -8 -75 -7
4332	-67 -29 -66 -28
4339	-73 -17 -72 -16
4339	-57 1 -56 2
4342	-55 4 -54 5
4343	-67 -24 -66 -23
4346	-61 5 -60 6
4349	-72 -35 -71 -34
4362	-73 -41 -72 -40
4369	-53 -27 -52 -26
4372	-53 -1 -52 0
4386	-73 -51 -72 -50
4391	-60 -1 -59 0
4396	-51 -30 -50 -29
4397	-64 5 -63 6
4399	-65 5 -64 6
4400	-48 -25 -47 -24
4407	-54 2 -53 3
4442	-78 -3 -77 -2
4450	-40 -17 -39 -16
4459	-71 -28 -70 -27
4462	-75 -52 -74 -51
4488	-58 -1 -57 0
4489	-80 -2 -79 -1
4489	-58 -6 -57 -5
4516	-54 1 -53 2
4519	-69 -26 -68 -25
4532	-40 -16 -39 -15
4556	-46 -5 -45 -4
4558	-68 -26 -67 -25
4584	-73 8 -72 9
4584	-52 -30 -51 -29
4590	-72 -55 -71 -54
4615	-59 -1 -58 0
4616	-76 -49 -75 -48
4618	-48 -14 -47 -13
4628	-72 -32 -71 -31
4629	-72 -36 -71 -35
4667	-67 -20 -66 -19
4674	-68 5 -67 6
4685	-73 -40 -72 -39
4692	-51 -29 -50 -28
4701	-65 -25 -64 -24
4705	-61 4 -60 5
4714	-76 -7 -75 -6
4737	-64 -22 -63 -21
4737	-57 2 -56 3
4739	-53 1 -52 2
4749	-57 -6 -56 -5
4752	-69 -17 -68 -16
4761	-68 10 -67 11
4762	-45 -22 -44 -21
4762	-43 -17 -42 -16
4778	-47 -22 -46 -21
4786	-53 -26 -52 -25
4801	-52 -27 -51 -26
4803	-81 -2 -80 -1
4810	-73 -53 -72 -52
4810	-56 3 -55 4
4811	-64 4 -63 5
4817	-75 -48 -74 -47
4833	-41 -18 -40 -17
4842	-69 10 -68 11
4863	-75 -10 -74 -9
4878	-45 -21 -44 -20
4890	-67 -21 -66 -20
4901	-72 -45 -71 -44
4902	-58 2 -57 3
4904	-54 3 -53 4
4905	-70 -18 -69 -17
4915	-57 -7 -56 -6
4922	-41 -21 -40 -20
4925	-76 -15 -75 -14
4980	-63 2 -62 3
4984	-71 10 -70 11
4990	-52 -25 -51 -24
5001	-50 -29 -49 -28
5016	-64 10 -63 11
5034	-81 -5 -80 -4
5105	-71 -38 -70 -37
5107	-53 -30 -52 -29
5110	-69 -22 -68 -21
5117	-54 -1 -53 0
5119	-68 -18 -67 -17
5123	-53 -28 -52 -27
5126	-40 -15 -39 -14
5130	-68 -27 -67 -26
5131	-53 3 -52 4
5143	-41 -15 -40 -14
5171	-36 -9 -35 -8
5181	-54 4 -53 5
5189	-69 -55 -68 -54
5207	-73 -12 -72 -11
5210	-69 -27 -68 -26
5216	-65 -24 -64 -23
5223	-78 -2 -77 -1
5241	-47 -24 -46 -23
5267	-52 -28 -51 -27
5282	-71 -16 -70 -15
5287	-66 0 -65 1
5323	-55 3 -54 4
5327	-54 -27 -53 -26
5331	-63 5 -62 6
5341	-74 -53 -73 -52
5346	-67 -23 -66 -22
5359	-67 10 -66 11
5377	-57 3 -56 4
5398	-50 -25 -49 -24
5418	-58 0 -57 1
5428	-46 -24 -45 -23
5438	-70 -27 -69 -26
5443	-63 4 -62 5
5448	-80 -3 -79 -2
5458	-65 1 -64 2
5466	-63 3 -62 4
5470	-55 1 -54 2
5475	-55 0 -54 1
5509	-67 -22 -66 -21
5555	-70 -20 -69 -19
5557	-59 1 -58 2
5576	-41 -19 -40 -18
5633	-71 -55 -70 -54
5643	-42 -22 -41 -21
5662	-74 9 -73 10
5668	-47 -23 -46 -22
5676	-75 6 -74 7
5693	-50 -27 -49 -26
5772	-74 7 -73 8
5775	-80 0 -79 1
5809	-43 -18 -42 -17
5810	-60 4 -59 5
5912	-56 2 -55 3
5924	-70 9 -69 10
5926	-66 -23 -65 -22
5957	-72 -16 -71 -15
5986	-66 1 -65 2
5997	-55 -1 -54 0
6015	-64 3 -63 4
6037	-42 -17 -41 -16
6065	-41 -16 -40 -15
6097	-65 2 -64 3
6098	-80 -1 -79 0
6119	-76 -9 -75 -8
6120	-75 2 -74 3
6130	-58 1 -57 2
6134	-44 -19 -43 -18
6147	-67 -28 -66 -27
6179	-75 -16 -74 -15
6226	-69 -28 -68 -27
6259	-69 -30 -68 -29
6280	-40 -14 -39 -13
6298	-73 -54 -72 -53
6300	-67 6 -66 7
6335	-72 -44 -71 -43
6355	-74 -46 -73 -45
6438	-69 -29 -68 -28
6445	-76 1 -75 2
6449	-70 -55 -69 -54
6484	-70 10 -69 11
6502	-66 4 -65 5
6512	-67 -25 -66 -24
6536	-71 8 -70 9
6544	-74 -49 -73 -48
6553	-66 -27 -65 -26
6580	-75 -51 -74 -50
6592	-70 -35 -69 -34
6606	-50 -28 -49 -27
6610	-67 -27 -66 -26
6636	-71 -15 -70 -14
6645	-66 3 -65 4
6667	-74 -52 -73 -51
6675	-73 10 -72 11
6710	-73 -49 -72 -48
6725	-68 -30 -67 -29
6734	-66 6 -65 7
6761	-77 7 -76 8
6775	-44 -20 -43 -19
6783	-66 5 -65 6
6791	-54 0 -53 1
6876	-74 -50 -73 -49
6876	-70 -19 -69 -18
6906	-55 2 -54 3
6911	-64 -21 -63 -20
6954	-75 4 -74 5
7004	-53 0 -52 1
7008	-41 -20 -40 -19
7024	-65 4 -64 5
7071	-72 -15 -71 -14
7071	-67 -26 -66 -25
7151	-72 -17 -71 -16
7243	-71 -18 -70 -17
7296	-65 3 -64 4
7298	-72 -37 -71 -36
7332	-64 -19 -63 -18
7341	-71 -17 -70 -16
7347	-64 2 -63 3
7353	-74 -12 -73 -11
7357	-46 -23 -45 -22
7442	-64 -20 -63 -19
7447	-70 -31 -69 -30
7450	-72 -39 -71 -38
7493	-43 -23 -42 -22
7502	-75 7 -74 8
7519	-74 -51 -73 -50
7547	-68 -29 -67 -28
7559	-67 5 -66 6
7576	-73 -42 -72 -41
7587	-80 -7 -79 -6
7589	-74 5 -73 6
7648	-44 -21 -43 -20
7667	-77 -7 -76 -6
7673	-73 5 -72 6
7679	-44 -23 -43 -22
7725	-72 -40 -71 -39
7745	-44 -22 -43 -21
7802	-78 -1 -77 0
7819	-67 -19 -66 -18
7839	-72 -43 -71 -42
7847	-73 -48 -72 -47
7850	-71 -29 -70 -28
7877	-41 -17 -40 -16
7922	-70 -29 -69 -28
7984	-75 -15 -74 -14
8005	-74 8 -73 9
8055	-74 -15 -73 -14
8055	-65 -18 -64 -17
8064	-49 -25 -48 -24
8130	-66 -26 -65 -25
8180	-66 -22 -65 -21
8185	-77 5 -76 6
8196	-75 -11 -74 -10
8221	-68 -28 -67 -27
8225	-66 -25 -65 -24
8237	-71 -37 -70 -36
8273	-72 -13 -71 -12
8279	-77 -8 -76 -7
8311	-76 -10 -75 -9
8328	-66 -24 -65 -23
8333	-74 4 -73 5
8336	-74 6 -73 7
8347	-43 -22 -42 -21
8388	-78 -6 -77 -5
8416	-74 -47 -73 -46
8426	-77 6 -76 7
8434	-43 -19 -42 -18
8438	-72 -38 -71 -37
8459	-70 -14 -69 -13
8462	-70 -32 -69 -31
8462	-70 -28 -69 -27
8465	-42 -19 -41 -18
8611	-75 -49 -74 -48
8656	-43 -21 -42 -20
8658	-71 9 -70 10
8703	-43 -20 -42 -19
8712	-77 4 -76 5
8723	-78 2 -77 3
8771	-42 -18 -41 -17
8831	-70 -30 -69 -29
8840	-75 -14 -74 -13
8939	-79 -9 -78 -8
8942	-42 -20 -41 -19
9036	-72 -42 -71 -41
9065	-66 -20 -65 -19
9068	-73 -47 -72 -46
9157	-45 -23 -44 -22
9162	-77 -13 -76 -12
9168	-75 5 -74 6
9330	-73 -15 -72 -14
9339	-74 -16 -73 -15
9416	-75 -50 -74 -49
9456	-76 7 -75 8
9528	-73 -16 -72 -15
9610	-73 -43 -72 -42
9695	-74 -48 -73 -47
9765	-72 -41 -71 -40
9812	-71 -34 -70 -33
9837	-77 3 -76 4
9878	-75 3 -74 4
10092	-70 -34 -69 -33
10100	-67 -18 -66 -17
10151	-80 -4 -79 -3
10153	-42 -21 -41 -20
10241	-77 2 -76 3
10246	-73 -46 -72 -45
10273	-68 -16 -67 -15
10319	-76 4 -75 5
10320	-66 -21 -65 -20
10327	-65 -23 -64 -22
10375	-79 0 -78 1
10387	-79 -5 -78 -4
10456	-79 -1 -78 0
10503	-71 -36 -70 -35
10552	-65 -19 -64 -18
10621	-76 -13 -75 -12
10649	-66 -18 -65 -17
10651	-76 6 -75 7
10652	-72 8 -71 9
10753	-76 3 -75 4
10762	-78 0 -77 1
10813	-73 -45 -72 -44
10863	-76 2 -75 3
10904	-76 -14 -75 -13
10958	-74 10 -73 11
10986	-71 -30 -70 -29
11048	-79 -4 -78 -3
11073	-70 -33 -69 -32
11156	-79 -6 -78 -5
11204	-79 -2 -78 -1
11217	-77 1 -76 2
11219	-79 -3 -78 -2
11230	-65 -22 -64 -21
11255	-73 -44 -72 -43
11279	-71 -35 -70 -34
11287	-77 -9 -76 -8
11340	-77 -11 -76 -10
11368	-65 -20 -64 -19
11381	-78 -11 -77 -10
11382	-70 -15 -69 -14
11482	-78 1 -77 2
11581	-71 -33 -70 -32
11606	-66 -19 -65 -18
11667	-76 -12 -75 -11
11670	-71 -32 -70 -31
11751	-78 -7 -77 -6
11819	-71 -31 -70 -30
11820	-79 -8 -78 -7
11845	-77 -12 -76 -11
11931	-69 -15 -68 -14
11987	-79 -7 -78 -6
12013	-73 7 -72 8
12262	-80 -6 -79 -5
12478	-65 -21 -64 -20
12527	-71 -14 -70 -13
12733	-76 5 -75 6
12781	-67 -17 -66 -16
12847	-75 -12 -74 -11
12883	-74 -13 -73 -12
13085	-72 -14 -71 -13
13248	-76 -11 -75 -10
13294	-80 -5 -79 -4
13353	-77 -10 -76 -9
13459	-73 6 -72 7
13662	-78 -10 -77 -9
13947	-73 -13 -72 -12
14595	-75 -13 -74 -12
14731	-74 -14 -73 -13
14794	-69 -16 -68 -15
15235	-78 -9 -77 -8
15630	-73 -14 -72 -13
16205	-68 -17 -67 -16
16442	-78 -8 -77 -7
